ActivityIdentifier,ph,Hardness,Solids,Chloramines,Sulfate,Conductivity,Organic_carbon,Trihalomethanes,Turbidity,Skor_SAW,Peringkat
OVIWC-LP-SS-1-20231006-F,7.43,162.09405044510385,44.0,7.12,65.86257217573221,67.4,3.1233735705209655,66.4,-0.14,2.3119722511327443,1
OVIWC-LP-SS-1-20220518-F,8.51,162.09405044510385,50.0,7.12,65.86257217573221,76.6,3.1233735705209655,66.4,-0.16,2.071319953198365,2
OVIWC-LP-SS-1-20220329-F,8.52,162.09405044510385,68.0,7.12,65.86257217573221,104.4,3.1233735705209655,66.4,-0.35,1.1196675142826547,3
OVIWC-LP-SS-1-20220714-F,8.18,162.09405044510385,53.0,7.12,65.86257217573221,81.3,3.1233735705209655,66.4,-0.56,0.8160776240569834,4
OVIWC-LP-SS-1-20220628-F,8.06,162.09405044510385,44.0,7.12,65.86257217573221,67.1,3.1233735705209655,66.4,-0.73,0.698375565946519,5
OVIWC-LP-SS-2-20231006-F,7.69,162.09405044510385,218.0,7.12,65.86257217573221,336.0,3.1233735705209655,66.4,-0.81,0.6569006726385866,6
OVIWC-LP-SS-1-20220428-F,8.35,162.09405044510385,62.0,7.12,65.86257217573221,95.1,3.1233735705209655,66.4,-2.19,0.444788322770476,7
nwisca.01.02306441,8.0,1.17,246.45972997594052,7.12,0.15,338.4017245542537,0.88,66.4,37.403660625,0.4402678912864963,8
OVIWC-LP-SS-5-20231006-F,7.93,162.09405044510385,219.0,7.12,65.86257217573221,337.2,3.1233735705209655,66.4,-2.55,0.42278605157164295,9
nwisca.01.02306442,7.9,1.61,246.45972997594052,7.12,0.17,338.4017245542537,0.92,66.4,37.403660625,0.4077749494457284,10
CA_BVR-FC2:20200109:0913:FM:PS:0.057:Hydro,7.07,162.09405044510385,0.0784,7.12,65.86257217573221,0.1227,3.1233735705209655,66.4,30.4,0.4057008693788591,11
nwisca.01.02308109,8.0,1.92,3.005,7.12,0.25,7.0,0.8,66.4,37.403660625,0.40268739959512584,12
nwisca.01.02306440,7.6,1.52,246.45972997594052,7.12,0.19,338.4017245542537,1.24,66.4,37.403660625,0.40114128995913095,13
nwisca.01.02002992,6.9,1.65,246.45972997594052,7.12,0.21,5.0,0.94,66.4,37.403660625,0.39869336418479145,14
nwisca.01.02306439,7.3,1.7,246.45972997594052,7.12,0.21,5.0,1.08,66.4,37.403660625,0.39578817124580623,15
nwisca.01.02206368,7.775573846153846,1.79,246.45972997594052,7.12,0.27,6.0,1.17,66.4,37.403660625,0.39366149664131367,16
CA_BVR-FC1:20200109:0852:FM:PS:0.122:Hydro,6.94,162.09405044510385,0.086,7.12,65.86257217573221,0.1329,3.1233735705209655,66.4,23.5,0.39336741674523495,17
nwisca.01.02002486,6.6,1.55,246.45972997594052,7.12,0.19,5.0,1.24,66.4,37.403660625,0.3930711017526457,18
nwisca.01.02206369,7.775573846153846,1.88,246.45972997594052,7.12,0.27,6.0,1.08,66.4,37.403660625,0.3924132343027743,19
nwisca.01.02206367,7.775573846153846,1.81,246.45972997594052,7.12,0.25,6.0,1.2,66.4,37.403660625,0.39220890801810243,20
nwisca.01.02002649,6.8,1.67,246.45972997594052,7.12,0.2,5.0,1.22,66.4,37.403660625,0.38933008573170935,21
nwisca.01.02002650,6.8,1.67,246.45972997594052,7.12,0.2,5.0,1.3,66.4,37.403660625,0.38777649178467277,22
nwisca.01.02306438,7.5,1.96,246.45972997594052,7.12,0.26,6.0,1.14,66.4,37.403660625,0.3856128613583,23
CA_BVR-MC2:20211025:0815:FM:PS:0.4:Hydro,7.43,162.09405044510385,0.0862,7.12,65.86257217573221,0.1352,3.1233735705209655,66.4,12.4,0.3854094842506661,24
nwisca.01.02206370,7.775573846153846,2.86,246.45972997594052,7.12,0.43,9.0,0.7,66.4,37.403660625,0.38368743564241187,25
nwisca.01.02003052,6.9,2.08,3.005,7.12,0.27,6.0,0.94,66.4,37.403660625,0.38211846418479145,26
CA_BVR-FC1:20211025:0902:FM:PS:0.18:Hydro,7.34,162.09405044510385,0.0877,7.12,65.86257217573221,0.1366,3.1233735705209655,66.4,10.1,0.37841684628257166,27
CA_BVR-FC3:20220421:1013:FM:PS:0.536:Hydro,7.42,162.09405044510385,0.1075,7.12,65.86257217573221,0.168,3.1233735705209655,66.4,26.3,0.3777835477196298,28
nwisca.01.02306454,7.4,2.17,3.505,7.12,0.37,7.0,1.16,66.4,37.403660625,0.37756208403888003,29
CA_BVR-FC2:20220421:1022:FM:PS:0.189:Hydro,7.45,162.09405044510385,0.1169,7.12,65.86257217573221,0.1827,3.1233735705209655,66.4,49.1,0.37654476281490057,30
nwisca.01.02402034,7.8,3.8,6.01,7.12,0.47,12.0,0.64,66.4,37.403660625,0.37652799597243275,31
nwisca.01.02207416,7.775573846153846,2.29,246.45972997594052,7.12,0.36,7.0,1.25,66.4,37.403660625,0.37595678519533343,32
nwisca.01.02105716,6.9,2.3,3.505,7.12,0.4,8.0,0.94,66.4,37.403660625,0.3756376109239219,33
nwisca.01.02203568,7.775573846153846,2.27,246.45972997594052,7.12,0.3,7.0,1.36,66.4,37.403660625,0.3744590058987082,34
NARS_WQX-244040_2324,8.07,162.09405044510385,246.45972997594052,7.12,3.68,338.4017245542537,0.44,66.4,0.0,0.3741975044028861,35
nwisca.01.02306436,8.0,2.36,3.505,7.12,0.28,7.0,1.4,66.4,37.403660625,0.3736900479002105,36
CA_BVR-FC1:20211214:0858:FM:PS:0.75:Hydro,7.49,162.09405044510385,0.1058,7.12,65.86257217573221,0.1656,3.1233735705209655,66.4,16.1,0.3728272878212101,37
nwisca.01.02105717,7.1,3.35,246.45972997594052,7.12,0.56,12.0,0.71,66.4,37.403660625,0.3699691306940668,38
nwisca.01.02308110,7.5,2.78,4.005,7.12,0.33,8.0,0.99,66.4,37.403660625,0.3697757523324165,39
nwisca.01.02105714,6.6,1.99,3.005,7.12,0.34,7.0,1.54,66.4,37.403660625,0.3691022437020239,40
CA_BVR-MC1:20210329:0930:FM:PS:0.086:Hydro,7.04,162.09405044510385,0.1347,7.12,65.86257217573221,0.2104,3.1233735705209655,66.4,0.0,0.36880435533406863,41
CA_BVR-MC2:20220401:0955:FM:PS:0.209:Hydro,7.23,162.09405044510385,0.1386,7.12,65.86257217573221,0.2166,3.1233735705209655,66.4,0.0,0.3686954079081968,42
CA_BVR-FC1:20211109:0916:FM:PS:0.1778:Hydro,7.51,162.09405044510385,0.1273,7.12,65.86257217573221,0.2001,3.1233735705209655,66.4,35.8,0.36854392189516194,43
nwisca.01.02105715,6.7,2.13,3.505,7.12,0.34,7.0,1.4,66.4,37.403660625,0.36776050298821156,44
nwisca.01.02306437,7.8,2.61,4.005,7.12,0.3,8.0,1.32,66.4,37.403660625,0.36774062808072067,45
CA_BVR-MC1:20211025:0945:FM:PS:0.5:Hydro,7.56,162.09405044510385,0.123,7.12,65.86257217573221,0.1922,3.1233735705209655,66.4,22.8,0.367303482224828,46
CA_BVR-FC2:20210316:1103:FM:PS:0.012:Hydro,7.49,162.09405044510385,0.1462,7.12,65.86257217573221,0.2284,3.1233735705209655,66.4,166.3,0.36615300938902495,47
nwisca.01.02206373,7.4,6.25,14.68,7.12,0.76,21.0,0.56,66.4,37.403660625,0.3660081755691518,48
nwisca.01.02401962,6.5,4.14,6.01,7.12,0.52,13.0,0.59,66.4,37.403660625,0.36592022022309767,49
CA_BVR-RED01:20210907:0949:FM:PS:0.378:Hydro,9.08,162.09405044510385,0.2441,7.12,65.86257217573221,0.304,3.1233735705209655,66.4,166.0,0.3659088376154418,50
CA_BVR-RED01:20210427:1248:FM:PS:0.5:Hanna,9.07,162.09405044510385,0.133,7.12,65.86257217573221,0.265,3.1233735705209655,66.4,33.6,0.3656935224308716,51
CA_BVR-MC2:20220608:1137:FM:PS:0.123:Hydro,7.85,162.09405044510385,0.1644,7.12,65.86257217573221,0.2568,3.1233735705209655,66.4,0.0,0.364577163368932,52
nwisca.01.02105719,7.4,6.79,9.515,7.12,0.93,23.0,0.56,66.4,37.403660625,0.3643146319948417,53
nwisca.01.02105720,7.4,6.97,10.015,7.12,1.0,23.0,0.56,66.4,37.403660625,0.3638251367247699,54
CA_BVR-MC2:20220519:1215:FM:PS:0.183:Hydro,7.63,162.09405044510385,0.1621,7.12,65.86257217573221,0.2533,3.1233735705209655,66.4,0.0,0.3633033948701256,55
nwisca.01.02003998,7.4,6.52,9.015,7.12,0.84,21.0,0.58,66.4,37.403660625,0.3632588876486948,56
CA_BVR-MC2:20220506:0945:FM:PS:0.19:Hydro,7.33,162.09405044510385,0.1558,7.12,65.86257217573221,0.2435,3.1233735705209655,66.4,0.0,0.362720637537589,57
CA_BVR-LC01:20210621:1203:FM:PS:0.508:Hydro,9.34,162.09405044510385,0.2217,7.12,65.86257217573221,0.3464,3.1233735705209655,66.4,154.7,0.3627146457522972,58
nwisca.01.02203156,7.775573846153846,2.55,246.45972997594052,7.12,0.4,9.0,1.78,66.4,37.403660625,0.36246139466422284,59
CA_BVR-AC4:20220126:1147:FM:PS:0.246:Hydro,7.62,162.09405044510385,0.1555,7.12,65.86257217573221,0.243,3.1233735705209655,66.4,92.7,0.3624451629719753,60
nwisca.01.02206379,7.775573846153846,2.63,11.515,7.12,0.4,9.0,1.69,66.4,37.403660625,0.3618476489301478,61
nwisca.01.02003797,7.3,5.94,8.51,7.12,0.77,19.0,0.61,66.4,37.403660625,0.3617332087407544,62
CA_BVR-AC4:20220202:1304:FM:PS:0.203:Hydro,7.85,162.09405044510385,0.1671,7.12,65.86257217573221,0.2611,3.1233735705209655,66.4,126.9,0.3615011882558319,63
CA_BVR-LC01:20210714:1113:FM:PS:0.234:Hydro,9.24,162.09405044510385,0.2299,7.12,65.86257217573221,0.359,3.1233735705209655,66.4,263.2,0.3611854865856112,64
nwisca.01.02203155,7.775573846153846,2.67,246.45972997594052,7.12,0.39,9.0,1.71,66.4,37.403660625,0.36090137873985584,65
CA_BVR-MC2:20220602:1126:FM:PS:0.133:Hydro,7.559,162.09405044510385,0.1686,7.12,65.86257217573221,0.2634,3.1233735705209655,66.4,0.0,0.3606147554672941,66
CA_BVR-MC2:20220525:1006:FM:PS:0.143:Hydro,7.35,162.09405044510385,0.1627,7.12,65.86257217573221,0.2542,3.1233735705209655,66.4,0.0,0.3605692850200112,67
nwisca.01.02100334,7.4,6.82,15.68,7.12,0.98,23.0,0.6,66.4,37.403660625,0.3605645884456628,68
nwisca.01.02002441,6.9,2.47,4.005,7.12,0.34,8.0,1.43,66.4,37.403660625,0.3605588564343392,69
nwisca.01.02001387,7.1,3.34,5.505,7.12,0.65,11.0,0.95,66.4,37.403660625,0.35922717531948023,70
CA_BVR-RED01:20210728:1002:FM:PS:0.412:Hydro,9.35,162.09405044510385,0.2134,7.12,65.86257217573221,0.3333,3.1233735705209655,66.4,40.1,0.35915515282646493,71
CA_BVR-SC2:20220503:1204:FM:PS:0.218:Hydro,9.05,162.09405044510385,0.2128,7.12,65.86257217573221,0.3324,3.1233735705209655,66.4,60.1,0.35886531490602697,72
nwisca.01.02206378,7.775573846153846,2.7,13.52,7.12,0.42,9.0,1.87,66.4,37.403660625,0.35882469054437266,73
CA_BVR-FC1:20210311:0747:FM:PS:0.026:Hydro,7.45,162.09405044510385,0.1145,7.12,65.86257217573221,0.1789,3.1233735705209655,66.4,11.1,0.35855650058384564,74
nwisca.01.02306453,6.9,2.47,4.005,7.12,0.32,8.0,1.61,66.4,37.403660625,0.3581508296784864,75
nwisca.01.02206380,7.775573846153846,3.28,246.45972997594052,7.12,0.66,11.0,1.26,66.4,37.403660625,0.3580970182982384,76
CA_BVR-KC1:20220401:1124:FM:PS:0.097:Hydro,7.86,162.09405044510385,0.1897,7.12,65.86257217573221,0.2964,3.1233735705209655,66.4,0.0,0.35764609849185136,77
CA_BVR-MC2:20220426:0934:FM:PS:0.204:Hydro,7.27,162.09405044510385,0.1711,7.12,65.86257217573221,0.2673,3.1233735705209655,66.4,0.0,0.3572398520417453,78
NARS_WQX-243940_2324,7.94,162.09405044510385,246.45972997594052,7.12,14.5,338.4017245542537,0.57,66.4,0.0,0.3570507739403662,79
nwisca.01.02306435,7.5,3.08,5.005,7.12,0.36,10.0,1.34,66.4,37.403660625,0.35680304110510835,80
CA_BVR-RED01:20210714:1020:FM:PS:0.142:Hydro,8.96,162.09405044510385,0.2431,7.12,65.86257217573221,0.3799,3.1233735705209655,66.4,314.6,0.3567458233191915,81
CA_BVR-RED01:20220711:1045:FM:PS:0.447:Hydro,9.26,162.09405044510385,0.2552,7.12,65.86257217573221,0.3987,3.1233735705209655,66.4,139.9,0.35668445109042896,82
nwisca.01.02002435,6.7,2.77,4.505,7.12,0.47,9.0,1.22,66.4,37.403660625,0.35661748708862795,83
CA_BVR-RED01:20210607:1119:FM:PS:0.354:Hydro,8.92,162.09405044510385,0.2326,7.12,65.86257217573221,0.3633,3.1233735705209655,66.4,123.0,0.35661665185754604,84
nwisca.01.02003713,7.3,4.9,7.51,7.12,0.64,16.0,0.76,66.4,37.403660625,0.3564995547862692,85
CA_BVR-AC4:20220216:1054:FM:PS:0.211:Hydro,7.6,162.09405044510385,0.1769,7.12,65.86257217573221,0.2764,3.1233735705209655,66.4,115.2,0.35614253281058095,86
nwisca.01.02003064,7.0,3.4,13.013333333333334,7.12,0.53,11.0,1.01,66.4,37.403660625,0.35571208832849494,87
CA_BVR-MC2:20220411:0819:FM:PS:0.172:Hydro,7.69,162.09405044510385,0.1923,7.12,65.86257217573221,0.3005,3.1233735705209655,66.4,0.0,0.3554793481303817,88
CA_BVR-MC2:20220421:1052:FM:PS:0.172:Hydro,7.69,162.09405044510385,0.1923,7.12,65.86257217573221,0.3005,3.1233735705209655,66.4,0.0,0.3554793481303817,88
CA_BVR-RED01:20210621:1109:FM:PS:0.201:Hydro,8.65,162.09405044510385,0.2399,7.12,65.86257217573221,0.3749,3.1233735705209655,66.4,0.0,0.35529307985348646,90
nwisca.01.02302296,7.5,7.21,14.676666666666668,7.12,0.89,23.0,0.67,66.4,37.403660625,0.35508973557759904,91
nwisca.01.02302295,7.5,7.23,14.676666666666668,7.12,0.72,24.0,0.67,66.4,37.403660625,0.35501590632177843,92
CA_BVR-RED01:20211026:1125:FM:PS:0.19:Hydro,8.15,162.09405044510385,0.195,7.12,65.86257217573221,0.3036,3.1233735705209655,66.4,66.7,0.3549971493190326,93
nwisca.01.02003063,7.0,3.46,5.005,7.12,0.47,12.0,1.01,66.4,37.403660625,0.35495342894393184,94
nwisca.01.02206371,7.775573846153846,4.33,246.45972997594052,7.12,0.6,14.0,1.0,66.4,37.403660625,0.3546747041456561,95
CA_BVR-RED01:20220920:1106:FM:PS:0.068:Hydro,8.87,162.09405044510385,0.2573,7.12,65.86257217573221,0.402,3.1233735705209655,66.4,543.3,0.35434981694947315,96
CA_BVR-MC2:20220308:0813:FM:PS:0.185:Hydro,7.25,162.09405044510385,0.1335,7.12,65.86257217573221,0.2086,3.1233735705209655,66.4,16.5,0.3542669871404687,97
CA_BVR-KC1:20220223:1249:FM:PS:0.156:Hydro,8.07,162.09405044510385,0.1183,7.12,65.86257217573221,0.2862,3.1233735705209655,66.4,40.1,0.354183068825612,98
nwisca.01.02306451,7.775573846153846,2.83,246.45972997594052,7.12,0.34,9.0,2.27,66.4,37.403660625,0.353732749382858,99
CA_BVR-AC3:20210325:1015:FM:PS:0.064:Hydro,7.95,162.09405044510385,0.212,7.12,65.86257217573221,0.3315,3.1233735705209655,66.4,0.0,0.3536427751897665,100
nwisca.01.02002746,6.9,2.61,4.005,7.12,0.33,8.0,1.77,66.4,37.403660625,0.353626606509072,101
nwisca.01.02105713,6.7,2.78,4.505,7.12,0.41,8.0,1.39,66.4,37.403660625,0.35355018732987303,102
CA_BVR-KC1:20220506:1130:FM:PS:0.114:Hydro,7.66,162.09405044510385,0.2012,7.12,65.86257217573221,0.3143,3.1233735705209655,66.4,0.0,0.35323452746997674,103
CA_BVR-RED01:20220614:0945:FM:PS:0.379:Hydro,9.0,162.09405044510385,0.2518,7.12,65.86257217573221,0.3934,3.1233735705209655,66.4,64.8,0.3524531856689283,104
NARS_WQX-243960_2324,8.0,162.09405044510385,246.45972997594052,7.12,9.95,338.4017245542537,0.63,66.4,0.0,0.3524500296554114,105
nwisca.01.02100311,7.5,11.8,23.683333333333334,7.12,0.53,45.0,0.61,66.4,37.403660625,0.3523810684655672,106
CA_BVR-RED01:20210223:1031:FM:PS:0.28:Hydro,8.58,162.09405044510385,0.2253,7.12,65.86257217573221,0.3521,3.1233735705209655,66.4,58.0,0.35215176887675004,107
nwisca.01.02201985,7.5,13.5,36.699999999999996,7.12,0.55,51.0,0.6,66.4,37.403660625,0.3518138659180186,108
CA_BVR-AC3:20220506:1207:FM:PS:0.143:Hydro,8.06,162.09405044510385,0.232,7.12,65.86257217573221,0.3625,3.1233735705209655,66.4,0.0,0.3511609465113455,109
CA_BVR-AC4:20220316:1257:FM:PS:0.131:Hydro,7.61,162.09405044510385,0.1914,7.12,65.86257217573221,0.299,3.1233735705209655,66.4,58.2,0.3501578145707193,110
nwisca.01.02100539,7.5,7.58,16.013333333333332,7.12,1.07,25.0,0.74,66.4,37.403660625,0.3498229456347305,111
nwisca.01.02105718,7.3,5.8,8.01,7.12,0.77,19.0,0.81,66.4,37.403660625,0.3497890853258377,112
CA_BVR-AC3:20220202:1231:FM:PS:0.141:Hydro,7.77,162.09405044510385,0.1937,7.12,65.86257217573221,0.3027,3.1233735705209655,66.4,45.7,0.3497423255316737,113
nwisca.01.02105725,8.2,61.2,73.38333333333334,7.12,0.12,149.0,0.61,66.4,37.403660625,0.34973151690394133,114
CA_BVR-KC1:20200302:0957:FM:PS:0.151:Hydro,7.53,162.09405044510385,0.1797,7.12,65.86257217573221,0.2792,3.1233735705209655,66.4,36.2,0.34970273300477006,115
CA_BVR-RED01:20220823:1207:FM:PS:0.154:Hydro,8.87,162.09405044510385,0.2977,7.12,65.86257217573221,0.4652,3.1233735705209655,66.4,403.3,0.34960929500195054,116
CA_BVR-RED01:20220510:1140:FM:PS:0.443:Hydro,8.72,162.09405044510385,0.2567,7.12,65.86257217573221,0.4012,3.1233735705209655,66.4,67.7,0.34942613916442583,117
CA_BVR-AC3:20220401:1212:FM:PS:0.132:Hydro,7.98,162.09405044510385,0.2391,7.12,65.86257217573221,0.3736,3.1233735705209655,66.4,0.0,0.3493274439974672,118
nwisca.01.02206382,7.775573846153846,6.75,246.45972997594052,7.12,0.79,24.0,0.85,66.4,37.403660625,0.34905210476005893,119
CA_BVR-DRY01:20220524:1213:FM:PS:0.143:Hydro,8.48,162.09405044510385,0.2774,7.12,65.86257217573221,0.4334,3.1233735705209655,66.4,0.0,0.3488881568609469,120
CA_BVR-DRY01:20220503:1019:FM:PS:0.129:Hydro,8.29,162.09405044510385,0.2632,7.12,65.86257217573221,0.4112,3.1233735705209655,66.4,0.0,0.34884219573374525,121
nwisca.01.02206372,7.4,5.75,8.51,7.12,0.73,19.0,0.86,66.4,37.403660625,0.34868039188851435,122
nwisca.01.02003739,7.3,6.72,8.51,7.12,0.64,25.0,0.77,66.4,37.403660625,0.3485560360886323,123
CA_BVR-AC4:20200109:1053:FM:PS:0.054:Hydro,7.38,162.09405044510385,0.1797,7.12,65.86257217573221,0.2825,3.1233735705209655,66.4,40.2,0.34854540409139545,124
CA_BVR-AC3:20220323:1029:FM:PS:0.154:Hydro,8.11,162.09405044510385,0.2336,7.12,65.86257217573221,0.365,3.1233735705209655,66.4,99.1,0.34852999644098015,125
CA_BVR-LC01:20211026:1210:FM:PS:0.382:Hydro,8.48,162.09405044510385,0.2616,7.12,65.86257217573221,0.4068,3.1233735705209655,66.4,102.5,0.348187905592094,126
nwisca.01.02308111,7.4,5.19,7.51,7.12,0.64,17.0,0.94,66.4,37.403660625,0.34813104776798826,127
CA_BVR-RED01:20211012:1137:FM:PS:0.5:Hanna,8.6,162.09405044510385,0.198,7.12,65.86257217573221,0.395,3.1233735705209655,66.4,54.6,0.3478691915879625,128
CA_BVR-FC2:20210329:1011:FM:PS:0.044:Hydro,7.73,162.09405044510385,0.204,7.12,65.86257217573221,0.3187,3.1233735705209655,66.4,51.5,0.34783141369741244,129
nwisca.01.02306452,7.2,2.91,5.005,7.12,0.32,9.0,2.19,66.4,37.403660625,0.347745677196273,130
nwisca.01.02003999,7.3,8.22,10.515,7.12,0.64,32.0,0.72,66.4,37.403660625,0.3477208637086937,131
POMO989_WQX-HAB:SHADY01:7212020:1003:F,8.72,162.09405044510385,0.2103,7.12,65.86257217573221,0.3285,3.1233735705209655,66.4,21.0195,0.34766984975157517,132
nwisca.01.02002487,6.9,2.63,4.505,7.12,0.32,9.0,2.59,66.4,37.403660625,0.3475549265132715,133
CA_BVR-LC01:20210513:1113:FM:PS:0.415:Hydro,8.86,162.09405044510385,0.2284,7.12,65.86257217573221,0.3594,3.1233735705209655,66.4,25.0,0.34753482743095554,134
nwisca.01.02102876,7.0,3.47,6.01,7.12,0.63,12.0,1.33,66.4,37.403660625,0.34750907955970844,135
CA_BVR-AC4:20210329:1036:FM:PS:0.066:Hydro,7.59,162.09405044510385,0.2288,7.12,65.86257217573221,0.3576,3.1233735705209655,66.4,0.0,0.3473984043809464,136
CA_BVR-NFORK01:20220912:1158:FM:PS:0.176:Hydro,8.33,162.09405044510385,0.2803,7.12,65.86257217573221,0.438,3.1233735705209655,66.4,0.0,0.34719745701076576,137
nwisca.01.02002651,6.9,2.77,4.505,7.12,0.3,10.0,2.21,66.4,37.403660625,0.3469764521845093,138
CA_BVR-AC2:20220426:1045:FM:PS:0.144:Hydro,7.8,162.09405044510385,0.2446,7.12,65.86257217573221,0.3822,3.1233735705209655,66.4,0.0,0.34687817844197644,139
nwisca.01.02106574,8.3,61.9,74.38333333333334,7.12,0.13,147.0,0.66,66.4,37.403660625,0.3467929223938326,140
CA_BVR-AC4:20220426:1224:FM:PS:0.113:Hydro,7.53,162.09405044510385,0.2294,7.12,65.86257217573221,0.3584,3.1233735705209655,66.4,0.0,0.3467687014234593,141
CA_BVR-AC4:20220421:1224:FM:PS:0.113:Hydro,7.53,162.09405044510385,0.2294,7.12,65.86257217573221,0.3584,3.1233735705209655,66.4,0.0,0.3467687014234593,141
CA_BVR-LC01:20220726:1034:FM:PS:0.474:Hydro,8.9,162.09405044510385,0.2632,7.12,65.86257217573221,0.4113,3.1233735705209655,66.4,35.8,0.3465444743342796,143
CA_BVR-SHC2:20220524:1311:FM:PS:0.283:Hydro,8.14,162.09405044510385,0.1651,7.12,65.86257217573221,0.258,3.1233735705209655,66.4,13.7,0.34649461672397,144
CA_BVR-AC3:20220411:1004:FM:PS:0.216:Hydro,7.59,162.09405044510385,0.2361,7.12,65.86257217573221,0.369,3.1233735705209655,66.4,0.0,0.3462323515627001,145
nwisca.01.02203570,7.775573846153846,3.51,10.515,7.12,0.38,13.0,2.02,66.4,37.403660625,0.34614019116411787,146
CA_BVR-KC1:20220308:1105:FM:PS:0.093:Hydro,7.99,162.09405044510385,0.1936,7.12,65.86257217573221,0.3025,3.1233735705209655,66.4,23.8,0.34612394695917353,147
CA_BVR-AC4:20220411:1027:FM:PS:0.177:Hydro,7.22,162.09405044510385,0.218,7.12,65.86257217573221,0.3406,3.1233735705209655,66.4,0.0,0.3459186080233002,148
POMO989_WQX-HAB:SHADY01:772020:1052:F,8.77,162.09405044510385,0.2102,7.12,65.86257217573221,0.3286,3.1233735705209655,66.4,18.0275,0.3458970811496619,149
CA_BVR-LC01:20220907:1015:FM:PS:0.333:Hydro,9.01,162.09405044510385,0.2727,7.12,65.86257217573221,0.4262,3.1233735705209655,66.4,31.3,0.3452707762351025,150
POMO989_WQX-HAB:SHADY01:202068:1130:F,7.79,162.09405044510385,0.223,7.12,65.86257217573221,0.3488,3.1233735705209655,66.4,57.01,0.34524863569101094,151
CA_BVR-RED01:20210825:0927:FM:PS:0.187:Hydro,8.91,162.09405044510385,0.254,7.12,65.86257217573221,0.398,3.1233735705209655,66.4,26.7,0.3450615581143218,152
CA_BVR-RED01:20210517:1026:FM:PS:0.348:Hydro,8.56,162.09405044510385,0.2319,7.12,65.86257217573221,0.3624,3.1233735705209655,66.4,26.3,0.3450512758524242,153
CA_BVR-RED01:20210322:1107:FM:PS:0.246:Hydro,8.38,162.09405044510385,0.2005,7.12,65.86257217573221,0.3132,3.1233735705209655,66.4,18.8,0.3450105909380039,154
nwisca.01.02004212,8.4,58.5,68.04666666666667,7.12,0.12,145.0,0.71,66.4,37.403660625,0.3445377348231081,155
CA_BVR-AC4:20220401:1231:FM:PS:0.075:Hydro,7.22,162.09405044510385,0.2122,7.12,65.86257217573221,0.3316,3.1233735705209655,66.4,104.3,0.3443047756042212,156
CA_BVR-AC3:20200211:1057:FM:PS:0.152:Hydro,7.62,162.09405044510385,0.1717,7.12,65.86257217573221,0.2683,3.1233735705209655,66.4,17.1,0.34382996231946633,157
nwisca.01.02401960,7.9,9.52,22.016666666666666,7.12,0.58,34.0,0.87,66.4,37.403660625,0.34363709283072724,158
CA_BVR-AC3:20220126:1054:FM:PS:0.287:Hydro,7.68,162.09405044510385,0.1744,7.12,65.86257217573221,0.2726,3.1233735705209655,66.4,17.1,0.3435818944858974,159
CA_BVR-MC1:20200302:0925:FM:PS:0.012:Hydro,7.59,162.09405044510385,0.2024,7.12,65.86257217573221,0.3192,3.1233735705209655,66.4,32.0,0.34317332537680856,160
nwisca.01.02106576,7.5,12.3,23.349999999999998,7.12,0.57,46.0,0.74,66.4,37.403660625,0.3430610014917746,161
CA_BVR-FC3:20220617:0902:FM:PS:0.293:Hydro,6.92,162.09405044510385,0.2188,7.12,65.86257217573221,0.3419,3.1233735705209655,66.4,0.0,0.3430406618032648,162
CA_BVR-AC3:20220421:1200:FM:PS:0.089:Hydro,7.6,162.09405044510385,0.2375,7.12,65.86257217573221,0.3712,3.1233735705209655,66.4,87.5,0.34290076318174406,163
CA_BVR-AC3:20220426:1200:FM:PS:0.18:Hydro,7.6,162.09405044510385,0.2375,7.12,65.86257217573221,0.3712,3.1233735705209655,66.4,87.5,0.34290076318174406,163
nwisca.01.02203158,7.775573846153846,3.75,10.015,7.12,0.39,13.0,2.18,66.4,37.403660625,0.3426744401119484,165
CA_BVR-AC4:20220223:1358:FM:PS:0.213:Hydro,7.7,162.09405044510385,0.1781,7.12,65.86257217573221,0.2787,3.1233735705209655,66.4,16.9,0.3424859003076384,166
POMO989_WQX-HAB:SHADY01:842020:0952:F,9.1,162.09405044510385,0.2074,7.12,65.86257217573221,0.3243,3.1233735705209655,66.4,12.434,0.34244214782102017,167
CA_BVR-LC01:20210825:1010:FM:PS:0.48:Hydro,8.55,162.09405044510385,0.2579,7.12,65.86257217573221,0.4027,3.1233735705209655,66.4,28.2,0.34195184521681043,168
nwisca.01.02004213,7.6,69.1,32.68,7.12,0.7,43.0,0.64,66.4,37.403660625,0.3418930449122745,169
nwisca.01.02203569,7.775573846153846,3.72,246.45972997594052,7.12,0.34,14.0,2.35,66.4,37.403660625,0.3418549975765884,170
nwisca.01.02105724,8.3,63.9,76.05333333333333,7.12,0.12,148.0,0.74,66.4,37.403660625,0.34168218153986546,171
CA_BVR-FC2:20220426:1006:FM:PS:0.129:Hydro,7.54,162.09405044510385,0.2662,7.12,65.86257217573221,0.4159,3.1233735705209655,66.4,0.0,0.34165308295902364,172
CA_BVR-AC3:20220308:1148:FM:PS:0.039:Hydro,7.86,162.09405044510385,0.2322,7.12,65.86257217573221,0.3627,3.1233735705209655,66.4,36.2,0.3415736148342201,173
CA_BVR-FC1:20220426:0954:FM:PS:0.211:Hydro,7.33,162.09405044510385,0.2538,7.12,65.86257217573221,0.3965,3.1233735705209655,66.4,0.0,0.34133183251623944,174
CA_BVR-AC4:20220617:0943:FM:PS:0.119:Hydro,7.67,162.09405044510385,0.2821,7.12,65.86257217573221,0.4408,3.1233735705209655,66.4,0.0,0.34100171701126303,175
CA_BVR-AC4:20220323:1101:FM:PS:0.075:Hydro,7.31,162.09405044510385,0.202,7.12,65.86257217573221,0.3157,3.1233735705209655,66.4,31.5,0.340957512580544,176
CA_BVR-MC2:20211214:0800:FM:PS:0.246:Hydro,7.53,162.09405044510385,0.1156,7.12,65.86257217573221,0.1806,3.1233735705209655,66.4,6.5,0.34069003436014467,177
CA_BVR-RED01:20211116:1007:FM:PS:0.225:Hydro,8.4,162.09405044510385,0.26,7.12,65.86257217573221,0.406,3.1233735705209655,66.4,29.2,0.34065643013494906,178
CA_BVR-LC01:10162023:1138:FM:PS:0.481:Hydro,8.31,162.09405044510385,0.2552,7.12,65.86257217573221,0.3987,3.1233735705209655,66.4,29.8,0.3406403393501944,179
nwisca.01.02104248,7.85,46.7,411.2775,7.12,3.54,116.5,0.7050000000000001,66.4,37.403660625,0.34042405636497475,180
CA_BVR-AC2:20220421:1124:FM:PS:0.137:Hydro,8.38,162.09405044510385,0.2188,7.12,65.86257217573221,0.3418,3.1233735705209655,66.4,17.3,0.3401110658208907,181
CA_BVR-AC4:20210316:1148:FM:PS:0.147:Hydro,7.92,162.09405044510385,0.2394,7.12,65.86257217573221,0.374,3.1233735705209655,66.4,31.5,0.33983858917969806,182
CA_BVR-LC01:20220711:1120:FM:PS:0.446:Hydro,8.62,162.09405044510385,0.2696,7.12,65.86257217573221,0.4213,3.1233735705209655,66.4,25.0,0.3398353056787829,183
POMO989_WQX-HAB:SHADY01:2020623:1156:F,8.52,162.09405044510385,0.2098,7.12,65.86257217573221,0.3276,3.1233735705209655,66.4,14.32,0.3397213061177059,184
CA_BVR-KC1:20200109:1005:FM:PS:0.347:Hydro,7.71,162.09405044510385,0.144,7.12,65.86257217573221,0.2245,3.1233735705209655,66.4,9.0,0.33969962547516386,185
nwisca.01.02100540,7.4,12.4,22.683333333333334,7.12,0.59,47.0,0.79,66.4,37.403660625,0.33942700552641986,186
nwisca.01.02100335,8.3,57.6,68.71333333333332,7.12,0.13,142.0,0.8,66.4,37.403660625,0.33878470376103026,187
nwisca.01.02401965,7.5,8.31,15.01,7.12,0.57,28.0,0.96,66.4,37.403660625,0.33873528586108603,188
CA_BVR-FC2:20220401:1026:FM:PS:0.302:Hydro,7.52,162.09405044510385,0.2914,7.12,65.86257217573221,0.4553,3.1233735705209655,66.4,0.0,0.33866294279751047,189
CA_BVR-LC01:20210517:1120:FM:PS:0.46:Hydro,8.53,162.09405044510385,0.2337,7.12,65.86257217573221,0.3652,3.1233735705209655,66.4,16.6,0.33826081129965235,190
CA_BVR-LC01:10042023:1148:FM:PS:0.362:Hydro,8.16,162.09405044510385,0.2501,7.12,65.86257217573221,0.3907,3.1233735705209655,66.4,25.1,0.33820732239543194,191
CA_BVR-SCOT01:20220603:0940:FM:PS:0.319:Hydro,7.47,162.09405044510385,0.0,7.12,65.86257217573221,0.3591,3.1233735705209655,66.4,33.2,0.33770104226223585,192
nwisca.01.02102255,8.0,35.1,37.9475,7.12,1.4,106.5,0.8,66.4,37.403660625,0.3375214057990158,193
nwisca.01.02100310,8.3,57.5,67.38,7.12,0.13,140.0,0.83,66.4,37.403660625,0.3373983812126178,194
CA_BVR-LC01:20210728:1043:FM:PS:0.51:Hydro,8.78,162.09405044510385,0.2392,7.12,65.86257217573221,0.3738,3.1233735705209655,66.4,14.6,0.33736851298265286,195
CA_BVR-SCOT01:20220707:1034:FM:PS:0.198:Hydro,7.46,162.09405044510385,0.2931,7.12,65.86257217573221,0.4579,3.1233735705209655,66.4,291.3,0.33698624088222096,196
CA_BVR-RED01:20210811:0845:FM:PS:0.283:Hydro,8.84,162.09405044510385,0.2502,7.12,65.86257217573221,0.3912,3.1233735705209655,66.4,15.1,0.3369441269559127,197
CA_BVR-RED01:10042023:1118:FM:PS:0.453:Hydro,8.32,162.09405044510385,0.2484,7.12,65.86257217573221,0.3881,3.1233735705209655,66.4,19.7,0.33683002004565266,198
CA_BVR-AC1:20220209:0945:FM:PS:0.267:Hydro,7.9,162.09405044510385,0.1823,7.12,65.86257217573221,0.2849,3.1233735705209655,66.4,12.1,0.33666599680122333,199
nwisca.01.02302307,7.4,9.04,14.676666666666668,7.12,0.76,35.0,0.97,66.4,37.403660625,0.3361483928381705,200
CA_BVR-RED01:20220907:0948:FM:PS:0.141:Hydro,7.77,162.09405044510385,0.3391,7.12,65.86257217573221,0.5298,3.1233735705209655,66.4,328.1,0.33591220833604124,201
CA_BVR-LC01:20220920:1143:FM:PS:0.283:Hydro,8.92,162.09405044510385,0.2727,7.12,65.86257217573221,0.4261,3.1233735705209655,66.4,16.0,0.33589043787115996,202
POMO989_WQX-HAB:SHADY01:2020511:1046:F,7.98,162.09405044510385,0.2107,7.12,65.86257217573221,0.3293,3.1233735705209655,66.4,15.031500000000001,0.3355267000397926,203
CA_BVR-RED01:20220419:1040:FM:PS:0.45:Hydro,8.33,162.09405044510385,0.2891,7.12,65.86257217573221,0.4517,3.1233735705209655,66.4,25.9,0.3354327243146854,204
CA_BVR-FC1:20220421:1035:FM:PS:0.236:Hydro,7.47,162.09405044510385,0.1664,7.12,65.86257217573221,0.26,3.1233735705209655,66.4,11.2,0.3354311023038289,205
POMO989_WQX-HAB:SHADY01:201917:1135:F,7.49,162.09405044510385,0.176,7.12,65.86257217573221,0.2749,3.1233735705209655,66.4,12.4575,0.33532732235486623,206
CA_BVR-FC3:20220603:0902:FM:PS:0.419:Hydro,6.76,162.09405044510385,0.2525,7.12,65.86257217573221,0.3946,3.1233735705209655,66.4,204.9,0.33494495825229154,207
nwisca.01.02302298,8.4,60.3,72.38,7.12,0.13,144.0,0.91,66.4,37.403660625,0.33493858174537605,208
HPUL1EPA_WQX-SC-01:20211229:0840:FM:PS:,11.2,162.09405044510385,95.0,7.12,65.86257217573221,146.4,3.1233735705209655,66.4,35.6,0.3346862767483289,209
nwisca.01.02401966,7.0,9.38,17.343333333333334,7.12,0.57,33.0,0.91,66.4,37.403660625,0.33411293379599954,210
CA_BVR-KC1:20220421:1143:FM:PS:0.156:Hydro,8.19,162.09405044510385,0.1727,7.12,65.86257217573221,0.2698,3.1233735705209655,66.4,9.0,0.33396893972277264,211
CA_BVR-LC01:20220823:1248:FM:PS:0.304:Hydro,8.64,162.09405044510385,0.2936,7.12,65.86257217573221,0.4588,3.1233735705209655,66.4,19.0,0.33385545952039747,212
nwisca.01.02206385,8.5,58.2,69.38,7.12,0.1,140.0,0.99,66.4,37.403660625,0.33319231974359126,213
NARS_WQX-240080_2324,8.09,162.09405044510385,246.45972997594052,7.12,38.8,338.4017245542537,1.08,66.4,0.0,0.33289784110322285,214
nwisca.01.02306450,6.8,3.65,6.01,7.12,0.39,12.0,2.53,66.4,37.403660625,0.332877852844973,215
nwisca.01.02003738,8.4,63.6,72.71666666666667,7.12,0.13,144.0,0.98,66.4,37.403660625,0.33241025587524503,216
nwisca.01.02102877,6.7,3.49,5.51,7.12,0.42,12.0,2.88,66.4,37.403660625,0.33210581019519114,217
nwisca.01.02206377,7.775573846153846,59.7,58.08,7.12,0.12,149.0,0.84,66.4,37.403660625,0.3321007984295017,218
CA_BVR-RED01:20220221:1057:FM:PS:0.459:Hydro,8.56,162.09405044510385,0.2567,7.12,65.86257217573221,0.4011,3.1233735705209655,66.4,13.9,0.33194340409625844,219
CA_BVR-SC1:20220421:1114:FM:PS:0.038:Hydro,7.79,162.09405044510385,0.4332,7.12,65.86257217573221,0.6769,3.1233735705209655,66.4,0.0,0.33141272736181127,220
CA_BVR-LC01:20210811:0930:FM:PS:0.458:Hydro,8.47,162.09405044510385,0.2581,7.12,65.86257217573221,0.403,3.1233735705209655,66.4,14.1,0.3312528139055423,221
CA_BVR-AND01:20220718:0928:FM:PS:0.258:Hydro,7.69,162.09405044510385,0.097,7.12,65.86257217573221,0.1516,3.1233735705209655,66.4,4.1,0.33117991556100734,222
CA_BVR-AC3:20220302:1157:FM:PS:0.107:Hydro,7.68,162.09405044510385,0.2216,7.12,65.86257217573221,0.3463,3.1233735705209655,66.4,15.2,0.330994227514143,223
nwisca.01.02102128,8.45,167.0,107.8675,7.12,32.3,346.0,1.0,66.4,37.403660625,0.33092858318204693,224
CA_BVR-RED01:20220531:1214:FM:PS:0.469:Hydro,8.65,162.09405044510385,0.2657,7.12,65.86257217573221,0.4149,3.1233735705209655,66.4,13.2,0.330572209723163,225
CA_BVR-AC3:20200302:1035:FM:PS:0.018:Hydro,7.47,162.09405044510385,0.2052,7.12,65.86257217573221,0.3209,3.1233735705209655,66.4,13.5,0.3298462606449338,226
nwisca.01.02001388,7.3,10.9,20.013333333333332,7.12,0.64,42.0,1.08,66.4,37.403660625,0.32951158548526355,227
nwisca.01.02201778,8.1,60.8,73.38333333333334,7.12,0.15,144.0,0.99,66.4,37.403660625,0.3294587142406411,228
nwisca.01.02002363,7.4,7.7,15.01,7.12,0.53,29.0,1.38,66.4,37.403660625,0.32927200137053675,229
CA_BVR-FC3:20220707:1105:FM:PS:0.161:Hydro,6.74,162.09405044510385,0.23675000000000002,7.12,65.86257217573221,0.3699,3.1233735705209655,66.4,30.4,0.32918910944374147,230
nwisca.01.02001931,7.4,8.09,17.346666666666668,7.12,0.55,31.0,1.36,66.4,37.403660625,0.32876443625194873,231
CA_BVR-AC3:20210316:1218:FM:PS:0.162:Hydro,7.8,162.09405044510385,0.2288,7.12,65.86257217573221,0.3574,3.1233735705209655,66.4,13.6,0.3287036163245032,232
nwisca.01.02206384,7.4,9.26,18.346666666666668,7.12,0.85,37.0,1.25,66.4,37.403660625,0.3286767331881716,233
CA_BVR-AC4:20220602:1147:FM:PS:0.17:Hydro,7.04,162.09405044510385,0.2641,7.12,65.86257217573221,0.4127,3.1233735705209655,66.4,31.1,0.3283399666314429,234
CA_BVR-COY01:20220503:1233:FM:PS:0.152:Hydro,7.8,162.09405044510385,0.3199,7.12,65.86257217573221,0.4998,3.1233735705209655,66.4,27.0,0.32818011973131267,235
CA_BVR-MC2:20220209:0825:FM:PS:0.228:Hydro,7.3,162.09405044510385,0.1226,7.12,65.86257217573221,0.1916,3.1233735705209655,66.4,5.6,0.3273730990075427,236
nwisca.01.02202845,8.0,33.1,37.6225,7.12,1.17,100.5,1.1,66.4,37.403660625,0.32725052276810424,237
nwisca.01.02306448,7.6,5.86,13.343333333333334,7.12,0.53,21.0,2.39,66.4,37.403660625,0.3270838440139205,238
nwisca.01.02201775,7.1,5.79,8.01,7.12,0.42,18.0,1.81,66.4,37.403660625,0.3270405757497448,239
nwisca.01.02002443,7.2,7.3,16.346666666666668,7.12,0.51,28.0,1.47,66.4,37.403660625,0.32701983311822364,240
nwisca.01.02105723,8.3,50.2,63.376666666666665,7.12,0.11,127.0,1.17,66.4,37.403660625,0.3269500864005135,241
CA_BVR-SIEG01:20220525:1437:FM:PS:0.148:Hydro,7.92,162.09405044510385,0.6052,7.12,65.86257217573221,0.9457,3.1233735705209655,66.4,0.0,0.3269270836448417,242
nwisca.01.02002442,7.3,5.71,8.51,7.12,0.44,21.0,2.09,66.4,37.403660625,0.32678333131873905,243
POMO989_WQX-HAB:SHADY01:2020414:1043:F,7.73,162.09405044510385,0.2297,7.12,65.86257217573221,0.3586,3.1233735705209655,66.4,12.673,0.32643220986578386,244
nwisca.01.02206383,7.2,6.65,8.51,7.12,0.78,24.0,1.71,66.4,37.403660625,0.325882733830335,245
nwisca.01.02002941,8.6,94.9,76.07,7.12,5.87,237.5,1.3,66.4,37.403660625,0.3257878537420819,246
CA_BVR-RED01:20220809:1123:FM:PS:0.233:Hydro,7.08,162.09405044510385,0.419,7.12,65.86257217573221,0.6547,3.1233735705209655,66.4,1000.0,0.32535380126043967,247
CA_BVR-KC1:20210429:0408:FM:PS:0.004:Hydro,7.48,162.09405044510385,0.4106,7.12,65.86257217573221,0.6415,3.1233735705209655,66.4,61.5,0.3251338907651537,248
CA_BVR-RED01:20210921:0944:FM:PS:0.411:Hydro,8.58,162.09405044510385,0.2696,7.12,65.86257217573221,0.4227,3.1233735705209655,66.4,11.0,0.32508556291596336,249
nwisca.01.02002944,7.699999999999999,29.2,32.785,7.12,1.01,89.0,1.1,66.4,37.403660625,0.3250599199426788,250
CA_BVR-FC1:20210202:0827:FM:PS:0.012:Hydro,7.29,162.09405044510385,0.161,7.12,65.86257217573221,0.252,3.1233735705209655,66.4,7.9,0.3249810377586694,251
nwisca.01.02102010,8.25,87.0,69.55,7.12,5.86,225.5,1.2,66.4,37.403660625,0.32470656468074105,252
nwisca.01.02101913,7.2,11.1,20.013333333333332,7.12,0.78,44.0,1.24,66.4,37.403660625,0.3246953337372696,253
nwisca.01.02306449,7.1,5.48,9.01,7.12,0.52,19.0,2.32,66.4,37.403660625,0.3245178205060369,254
CA_BVR-FC2:20220520:0958:FM:PS:0.143:Hydro,6.91,162.09405044510385,0.2689,7.12,65.86257217573221,0.4202,3.1233735705209655,66.4,24.6,0.32419127743230153,255
nwisca.01.02201986,7.2,6.3,13.343333333333334,7.12,0.64,23.0,2.04,66.4,37.403660625,0.3240687161964699,256
nwisca.01.02101241,7.3,7.07,10.015,7.12,0.99,23.0,1.9,66.4,37.403660625,0.3238654002877008,257
CA_BVR-FC2:20220608:1157:FM:PS:0.245:Hydro,7.25,162.09405044510385,0.1837,7.12,65.86257217573221,0.287,3.1233735705209655,66.4,9.3,0.32343079094131255,258
nwisca.01.02104576,7.949999999999999,50.6,444.0275,7.12,3.48,110.0,1.19,66.4,37.403660625,0.3233219924854835,259
nwisca.01.02203853,7.775573846153846,196.0,246.45972997594052,7.12,35.8,440.0,1.05,66.4,37.403660625,0.3232084099621397,260
nwisca.01.02203356,7.775573846153846,193.0,246.45972997594052,7.12,36.5,429.0,1.06,66.4,37.403660625,0.32294267366602997,261
HPUL1EPA_WQX-LC-01:20220920:1129:FM:PS:,12.1,162.09405044510385,175.0,7.12,65.86257217573221,268.8,3.1233735705209655,66.4,10.1,0.322933050616191,262
nwisca.01.02207418,7.2,6.78,17.346666666666668,7.12,0.56,28.0,1.99,66.4,37.403660625,0.3228970029991705,263
nwisca.01.02202690,7.775573846153846,189.0,246.45972997594052,7.12,37.2,410.0,1.07,66.4,37.403660625,0.3226866875978646,264
CA_BVR-MC1:20211214:0929:FM:PS:0.473:Hydro,7.86,162.09405044510385,0.159,7.12,65.86257217573221,0.2482,3.1233735705209655,66.4,6.4,0.3226610688798596,265
HPUL1EPA_WQX-RS-01:20220920:1149:FM:PS:,12.06,162.09405044510385,175.0,7.12,65.86257217573221,268.0,3.1233735705209655,66.4,10.1,0.32256956413928173,266
nwisca.01.02102880,7.1,5.96,14.68,7.12,0.58,23.0,2.4,66.4,37.403660625,0.3220603077079982,267
CA_BVR-LC01:20211012:1217:FM:PS:0.5:Hanna,8.57,162.09405044510385,0.195,7.12,65.86257217573221,0.39,3.1233735705209655,66.4,8.9,0.32165504507454135,268
nwisca.01.02100704,8.2,53.6,63.379999999999995,7.12,0.13,132.0,1.4,66.4,37.403660625,0.3215495579591498,269
nwisca.01.02302308,7.4,9.24,16.68,7.12,1.06,34.0,1.8,66.4,37.403660625,0.32121011441135533,270
nwisca.01.02102023,7.3,10.7,24.353333333333335,7.12,0.82,43.0,1.54,66.4,37.403660625,0.3212062914784543,271
nwisca.01.02102062,8.7,145.0,106.645,7.12,30.4,343.0,1.67,66.4,37.403660625,0.32096169293519833,272
CA_BVR-LC01:20210921:1025:FM:PS:0.533:Hydro,8.42,162.09405044510385,0.268,7.12,65.86257217573221,0.419,3.1233735705209655,66.4,9.8,0.3207905318573984,273
CA_BVR-LC01:20210607:1207:FM:PS:0.502:Hydro,8.4,162.09405044510385,0.2355,7.12,65.86257217573221,0.368,3.1233735705209655,66.4,8.5,0.3206953825887613,274
CA_BVR-COY01:20220524:1236:FM:PS:0.269:Hydro,7.84,162.09405044510385,0.303,7.12,65.86257217573221,0.4735,3.1233735705209655,66.4,14.2,0.32067907378425,275
nwisca.01.02302299,8.2,54.1,65.37666666666667,7.12,0.12,131.0,1.47,66.4,37.403660625,0.32048052795417226,276
nwisca.01.02102879,7.4,9.34,19.013333333333332,7.12,0.71,37.0,1.86,66.4,37.403660625,0.32047682810698547,277
nwisca.01.02103845,7.9,48.1,391.5275,7.12,4.04,131.5,1.32,66.4,37.403660625,0.320430563621171,278
nwisca.01.02105787,8.6,162.09405044510385,246.45972997594052,7.12,65.86257217573221,214.0,1.56,66.4,33.0,0.3202824615096022,279
HPUL1EPA_WQX-SC-01:20230626:1340:FM:PS:,9.14,162.09405044510385,179.0,7.12,65.86257217573221,275.1,3.1233735705209655,66.4,79.2,0.32025342037379967,280
nwisca.01.02102888,8.3,140.0,102.14,7.12,28.0,335.5,1.45,66.4,37.403660625,0.3201561739980829,281
nwisca.01.02302300,7.775573846153846,55.8,49.065,7.12,0.11,134.0,1.26,66.4,37.403660625,0.3200393889136898,282
nwisca.01.02100074,7.949999999999999,48.4,652.28,7.12,3.46,128.0,1.37,66.4,37.403660625,0.3200197493298459,283
CA_BVR-RED01:09202023:1107:FM:PS:0.44:Hydro,8.4,162.09405044510385,0.2428,7.12,65.86257217573221,0.3793,3.1233735705209655,66.4,8.6,0.31998644355613326,284
nwisca.01.02104838,7.775573846153846,201.0,134.685,7.12,35.2,338.4017245542537,1.2,66.4,37.403660625,0.3195346186983879,285
CA_BVR-RED01:20211208:1118:FM:PS:0.265:Hydro,7.7,162.09405044510385,0.2776,7.12,65.86257217573221,0.4345,3.1233735705209655,66.4,12.6,0.3194565021676781,286
nwisca.01.02101912,8.1,53.4,58.70333333333334,7.12,0.13,125.0,1.49,66.4,37.403660625,0.3193263269462217,287
nwisca.01.02001432,8.3,50.3,61.04,7.12,0.09,119.0,1.67,66.4,37.403660625,0.31907046151711,288
nwisca.01.02001932,8.3,49.2,59.71,7.12,0.09,115.0,1.69,66.4,37.403660625,0.31891335041218943,289
CA_BVR-MCC1:20210429:0422:FM:PS:0.252:Hydro,7.21,162.09405044510385,0.6798,7.12,65.86257217573221,1.062,3.1233735705209655,66.4,0.0,0.3189096098838195,290
nwisca.01.02102063,8.7,144.0,104.64,7.12,29.5,342.0,1.88,66.4,37.403660625,0.3189078367373042,291
CA_BVR-FC3:20220520:0945:FM:PS:0.142:Hydro,6.91,162.09405044510385,0.2692,7.12,65.86257217573221,0.4206,3.1233735705209655,66.4,16.8,0.31886674064907855,292
nwisca.01.02102878,8.3,50.5,61.71,7.12,0.12,123.0,1.69,66.4,37.403660625,0.31883837809506377,293
HPUL1EPA_WQX-SC-01:20230808:1300:FM:PS:,9.02,162.09405044510385,208.0,7.12,65.86257217573221,320.2,3.1233735705209655,66.4,71.5,0.31877419064740287,294
nwisca.01.02101910,7.1,6.1,8.51,7.12,0.73,21.0,3.1233735705209655,66.4,37.403660625,0.3186483957972227,295
nwisca.01.02206376,7.775573846153846,48.4,42.56,7.12,0.1,114.0,1.36,66.4,37.403660625,0.3186123134452076,296
nwisca.01.02102022,8.2,53.0,62.71,7.12,0.12,124.0,1.62,66.4,37.403660625,0.3185956828961631,297
CA_BVR-AC2:20220525:1057:FM:PS:0.059:Hydro,7.57,162.09405044510385,0.2659,7.12,65.86257217573221,0.4154,3.1233735705209655,66.4,12.0,0.3185898719946581,298
HPUL1EPA_WQX-SC-01:20230621:1013:FM:PS:,8.94,162.09405044510385,177.0,7.12,65.86257217573221,271.6,3.1233735705209655,66.4,82.5,0.3185775374666043,299
nwisca.01.02303546,8.8,162.09405044510385,246.45972997594052,7.12,24.0,415.0,3.1233735705209655,66.4,120.0,0.31835013868190865,300
nwisca.01.02308113,7.7,54.4,62.70666666666667,7.12,0.09,128.0,1.32,66.4,37.403660625,0.31830532148007296,301
nwisca.01.02207417,7.2,8.72,15.01,7.12,0.67,34.0,2.03,66.4,37.403660625,0.31828383815852096,302
CA_BVR-CC1:20200302:1014:FM:PS:0.056:Hydro,6.69,162.09405044510385,0.3823,7.12,65.86257217573221,0.598,3.1233735705209655,66.4,48.0,0.31819978172223656,303
nwisca.01.02400182,9.3,106.0,143.43,7.12,35.0,414.0,3.1233735705209655,66.4,37.403660625,0.31815407324844236,304
HPUL1EPA_WQX-AC-01:20230113:1055:FM:PS:,8.71,162.09405044510385,67.0,7.12,65.86257217573221,103.7,3.1233735705209655,66.4,154.0,0.3181456596919567,305
MORONGO1_WQX-M003041923,8.55,162.09405044510385,108.62,7.12,65.86257217573221,167.1,3.1233735705209655,66.4,849.0,0.31813277181785427,306
CA_BVR-FC2:20220623:1106:FM:PS:0.242:Hydro,7.29,162.09405044510385,0.2561,7.12,65.86257217573221,0.4002,3.1233735705209655,66.4,12.2,0.3176616769657904,307
CA_BVR-FC2:20220525:1025:FM:PS:0.175:Hydro,7.45,162.09405044510385,0.2999,7.12,65.86257217573221,0.4686,3.1233735705209655,66.4,14.3,0.31756982080363894,308
nwisca.01.02001843,8.2,50.2,57.03666666666667,7.12,0.1,116.0,1.74,66.4,37.403660625,0.31742743644964827,309
nwisca.01.02306446,7.9,43.7,54.370000000000005,7.12,0.08,102.0,1.56,66.4,37.403660625,0.3171399091934267,310
HPUL1EPA_WQX-SC-01:20230802:1510:FM:PS:,8.79,162.09405044510385,205.0,7.12,65.86257217573221,315.3,3.1233735705209655,66.4,79.1,0.3170608694286864,311
CA_BVR-FC3:20220426:1021:FM:PS:0.409:Hydro,7.1,162.09405044510385,0.2627,7.12,65.86257217573221,0.4105,3.1233735705209655,66.4,13.3,0.31698976011902474,312
nwisca.01.02302309,6.5,6.96,14.676666666666668,7.12,0.63,26.0,1.93,66.4,37.403660625,0.3165606870193774,313
nwisca.01.02303846,8.5,162.09405044510385,246.45972997594052,7.12,27.5,422.5,3.1233735705209655,66.4,200.0,0.31655728862519983,314
nwisca.01.02002993,8.0,37.3,48.699999999999996,7.12,0.08,88.0,1.74,66.4,37.403660625,0.3165329333080424,315
nwisca.01.02200864,8.6,162.09405044510385,246.45972997594052,7.12,76.9,1865.0,3.1233735705209655,66.4,120.0,0.3165066709694796,316
nwisca.01.02001389,8.0,50.1,57.370000000000005,7.12,0.09,117.0,1.7,66.4,37.403660625,0.31602987504661456,317
HPUL1EPA_WQX-SC-01:20231004:1334:FM:PS:,8.59,162.09405044510385,302.0,7.12,65.86257217573221,464.5,3.1233735705209655,66.4,97.2,0.3158892794627077,318
POMO989_WQX-HAB:SHADY01:8182020:1003:F,8.08,162.09405044510385,0.2206,7.12,65.86257217573221,0.3447,3.1233735705209655,66.4,7.5040000000000004,0.31588538492043033,319
MORONGO1_WQX-BC1122121,8.34,162.09405044510385,348.41,7.12,65.86257217573221,536.0,3.1233735705209655,66.4,453.0,0.3158792732806602,320
CA_BVR-KC1:20210407:0443:FM:PS:0.11:Hanna,8.27,162.09405044510385,181.0,7.12,65.86257217573221,361.0,3.1233735705209655,66.4,0.0,0.31587432178379493,321
nwisca.01.02306447,6.3,7.19,16.346666666666668,7.12,0.6,26.0,1.76,66.4,37.403660625,0.31569243758599447,322
nwisca.01.02303842,8.5,162.09405044510385,246.45972997594052,7.12,28.1,486.5,3.1233735705209655,66.4,120.0,0.31561808612576236,323
HPUL1EPA_WQX-CD-01:20211229:0935:FM:PS:,11.87,162.09405044510385,109.0,7.12,65.86257217573221,167.5,3.1233735705209655,66.4,8.44,0.3154101886475128,324
nwisca.01.02302301,8.3,51.6,66.04333333333334,7.12,0.11,127.0,2.08,66.4,37.403660625,0.3153634334100108,325
HPUL1EPA_WQX-MC-04:20230113:1018:FM:PS:,8.82,162.09405044510385,70.0,7.12,65.86257217573221,107.9,3.1233735705209655,66.4,49.2,0.3152608025044511,326
nwisca.01.02401968,8.0,55.2,62.70666666666667,7.12,0.08,130.0,1.77,66.4,37.403660625,0.31506448149753924,327
nwisca.01.02201782,8.2,50.2,66.38,7.12,0.12,120.0,2.01,66.4,37.403660625,0.3150457916606622,328
nwisca.01.02302627,8.45,159.0,115.745,7.12,27.4,346.5,2.1,66.4,37.403660625,0.3148339688387752,329
nwisca.01.02002436,8.1,45.6,52.36666666666667,7.12,0.08,105.0,1.97,66.4,37.403660625,0.31472252669176676,330
nwisca.01.02101244,7.5,12.5,24.353333333333335,7.12,0.65,48.0,2.29,66.4,37.403660625,0.31470952135191704,331
MORONGO1_WQX-BC1020122,8.24,162.09405044510385,269.27,7.12,65.86257217573221,414.3,3.1233735705209655,66.4,314.0,0.31470347243966584,332
HPUL1EPA_WQX-SC-01:20230531:1500:FM:PS:,8.78,162.09405044510385,180.0,7.12,65.86257217573221,276.7,3.1233735705209655,66.4,46.9,0.31454126583440906,333
HPUL1EPA_WQX-RS-01:20230113:1107:FM:PS:,8.45,162.09405044510385,63.0,7.12,65.86257217573221,97.5,3.1233735705209655,66.4,89.8,0.31448812035993756,334
nwisca.01.02303544,8.2,162.09405044510385,246.45972997594052,7.12,24.8,306.0,3.1233735705209655,66.4,340.0,0.3144196781789341,335
nwisca.01.02306445,7.8,27.6,42.03,7.12,0.07,66.0,1.91,66.4,37.403660625,0.3144030228483237,336
nwisca.01.02100702,7.8,55.7,572.28,7.12,4.14,160.5,1.66,66.4,37.403660625,0.31435872770481993,337
nwisca.01.02201781,8.3,49.9,65.04666666666667,7.12,0.12,117.0,2.28,66.4,37.403660625,0.31415856868607245,338
nwisca.01.02303833,8.1,162.09405044510385,246.45972997594052,7.12,18.5,260.0,3.1233735705209655,66.4,840.0,0.31400946239373895,339
nwisca.01.02103106,7.775573846153846,182.0,127.175,7.12,37.4,416.0,1.54,66.4,37.403660625,0.31392735654442644,340
nwisca.01.02301315,7.800000000000001,40.3,292.36,7.12,4.07,53.0,3.1233735705209655,66.4,950.0,0.31392316881525745,341
nwisca.01.02105722,8.2,35.2,49.36666666666667,7.12,0.09,87.0,2.36,66.4,37.403660625,0.3139084239448263,342
nwisca.01.02104250,7.800000000000001,50.6,101.7875,7.12,8.84,170.5,1.73,66.4,37.403660625,0.31383593267908577,343
CA_BVR-LC01:20210907:1037:FM:PS:0.524:Hydro,8.72,162.09405044510385,0.2586,7.12,65.86257217573221,0.4041,3.1233735705209655,66.4,7.1,0.313820949287648,344
nwisca.01.02301316,7.85,44.9,197.36333333333334,7.12,5.1,58.0,3.1233735705209655,66.4,500.0,0.3137628452702618,345
HPUL1EPA_WQX-SC-01:20230703:0747:FM:PS:,8.83,162.09405044510385,186.0,7.12,65.86257217573221,286.9,3.1233735705209655,66.4,38.5,0.31368917304365024,346
nwisca.01.02301334,8.1,162.09405044510385,246.45972997594052,7.12,25.6,340.5,3.1233735705209655,66.4,400.0,0.3136298681932258,347
nwisca.01.02301196,8.1,162.09405044510385,246.45972997594052,7.12,29.9,327.0,3.1233735705209655,66.4,360.0,0.31355358798939714,348
nwisca.01.02204665,8.0,63.7,76.465,7.12,12.4,211.5,1.9,66.4,37.403660625,0.31352275681987457,349
HPUL1EPA_WQX-SC-01:20220323:1040:FM:PS:,9.5,162.09405044510385,104.0,7.12,65.86257217573221,159.3,3.1233735705209655,66.4,20.5,0.3134205522550306,350
nwisca.01.02303834,8.1,162.09405044510385,246.45972997594052,7.12,29.9,382.0,3.1233735705209655,66.4,300.0,0.3133918118874389,351
nwisca.01.02401970,7.6,50.5,62.376666666666665,7.12,0.08,120.0,1.61,66.4,37.403660625,0.31338306773571317,352
nwisca.01.02302306,8.0,44.9,57.70333333333334,7.12,0.09,107.0,2.04,66.4,37.403660625,0.3133185558510528,353
CA_BVR-FC3:20220628:1140:FM:PS:0.333:Hydro,6.8,162.09405044510385,0.2205,7.12,65.86257217573221,0.3445,3.1233735705209655,66.4,9.9,0.3133184838688048,354
OVIWC-LP-SS-3-20220518-F,8.56,162.09405044510385,238.0,7.12,65.86257217573221,366.2,3.1233735705209655,66.4,53.78,0.31329446095093566,355
nwisca.01.02303513,8.149999999999999,117.0,78.105,7.12,23.2,75.0,2.11,66.4,42.0,0.31328945406044195,356
nwisca.01.02301195,8.0,162.09405044510385,246.45972997594052,7.12,16.5,240.0,3.1233735705209655,66.4,1210.0,0.3132068078357969,357
nwisca.01.02301194,8.0,162.09405044510385,246.45972997594052,7.12,14.8,245.0,3.1233735705209655,66.4,1200.0,0.31320372831353344,358
nwisca.01.02301337,8.0,162.09405044510385,246.45972997594052,7.12,18.2,266.5,3.1233735705209655,66.4,930.0,0.31313142101776636,359
nwisca.01.02301341,8.0,162.09405044510385,246.45972997594052,7.12,19.5,265.5,3.1233735705209655,66.4,900.0,0.3131215580091405,360
nwisca.01.02306357,8.65,63.1,81.52,7.12,17.6,234.0,3.1233735705209655,66.4,37.403660625,0.3130955290852064,361
CA_BVR-FC1:20220223:1439:FM:PS:0.147:Hydro,7.8,162.09405044510385,0.2307,7.12,65.86257217573221,0.3604,3.1233735705209655,66.4,7.8,0.3130527237317905,362
nwisca.01.02303845,8.3,162.09405044510385,246.45972997594052,7.12,28.3,424.0,3.1233735705209655,66.4,89.0,0.3129898083987992,363
nwisca.01.02302629,8.3,82.9,65.305,7.12,6.43,208.0,2.3,66.4,37.403660625,0.31296394609502476,364
nwisca.01.02200693,7.85,67.3,568.29,7.12,8.39,188.0,1.8,66.4,37.403660625,0.3129596068766878,365
nwisca.01.02301317,7.85,54.6,173.37333333333333,7.12,6.23,62.0,3.1233735705209655,66.4,295.0,0.3128487576111452,366
nwisca.01.02200865,8.0,162.09405044510385,246.45972997594052,7.12,35.7,476.0,3.1233735705209655,66.4,480.0,0.31282636855963186,367
HPUL1EPA_WQX-SC-01:20230712:0830:FM:PS:,8.88,162.09405044510385,194.0,7.12,65.86257217573221,298.6,3.1233735705209655,66.4,32.4,0.312770182047917,368
nwisca.01.02201783,8.2,47.1,60.376666666666665,7.12,0.1,110.0,2.4,66.4,37.403660625,0.31273470596593117,369
nwisca.01.02303844,8.3,162.09405044510385,246.45972997594052,7.12,28.6,455.5,3.1233735705209655,66.4,81.0,0.31267632945645835,370
HPUL1EPA_WQX-SC-01:20230614:1458:FM:PS:,8.77,162.09405044510385,184.0,7.12,65.86257217573221,282.9,3.1233735705209655,66.4,35.9,0.31261672748204145,371
nwisca.01.02002456,8.1,30.6,43.36666666666667,7.12,0.07,72.0,2.55,66.4,37.403660625,0.31260886970589735,372
nwisca.01.02202678,7.9,162.09405044510385,246.45972997594052,7.12,9.96,221.0,3.1233735705209655,66.4,0.0,0.31253437000671425,373
nwisca.01.02303831,8.1,162.09405044510385,246.45972997594052,7.12,34.5,371.0,3.1233735705209655,66.4,150.0,0.3124578594806144,374
nwisca.01.02303841,8.5,162.09405044510385,246.45972997594052,7.12,26.4,470.0,3.1233735705209655,66.4,51.0,0.31245656008434625,375
nwisca.01.02306444,7.7,21.5,32.69,7.12,0.07,51.0,2.25,66.4,37.403660625,0.3124403164700505,376
CA_BVR-KC5:20220627:0750:FM:PS:0.164:Hydro,6.96,162.09405044510385,0.2505,7.12,65.86257217573221,0.3916,3.1233735705209655,66.4,10.8,0.31242191297567884,377
HPUL1EPA_WQX-MC-03:20211229:0915:FM:PS:,11.29,162.09405044510385,97.0,7.12,65.86257217573221,150.0,3.1233735705209655,66.4,9.06,0.3124211945260437,378
OVIWC-LP-SS-5-20230316-F,8.17,162.09405044510385,147.0,7.12,65.86257217573221,225.5,3.1233735705209655,66.4,108.76,0.3124086235329339,379
nwisca.01.02303837,8.0,162.09405044510385,246.45972997594052,7.12,26.4,311.5,3.1233735705209655,66.4,270.0,0.3123868286816957,380
HPUL1EPA_WQX-SC-01:20230215:1625:FM:PS:,8.22,162.09405044510385,155.0,7.12,65.86257217573221,238.4,3.1233735705209655,66.4,91.0,0.31235658586808346,381
HPUL1EPA_WQX-MC-01:20230315:1043:FM:PS:,7.93,162.09405044510385,63.0,7.12,65.86257217573221,96.6,3.1233735705209655,66.4,530.0,0.312356500095127,382
nwisca.01.02303543,7.9,162.09405044510385,246.45972997594052,7.12,17.5,254.5,3.1233735705209655,66.4,1060.0,0.31226170836583594,383
nwisca.01.02301340,7.9,162.09405044510385,246.45972997594052,7.12,17.8,262.0,3.1233735705209655,66.4,840.0,0.3121908843042712,384
nwisca.01.02301339,7.9,162.09405044510385,246.45972997594052,7.12,18.5,289.5,3.1233735705209655,66.4,720.0,0.31213033603684887,385
nwisca.01.02200549,7.9,162.09405044510385,246.45972997594052,7.12,27.8,455.0,3.1233735705209655,66.4,720.0,0.3121133780114546,386
nwisca.01.02303832,7.9,162.09405044510385,246.45972997594052,7.12,20.8,271.5,3.1233735705209655,66.4,670.0,0.3121043535992886,387
nwisca.01.02301379,8.0,162.09405044510385,246.45972997594052,7.12,28.5,366.0,3.1233735705209655,66.4,210.0,0.3120835512810811,388
nwisca.01.02201581,8.6,120.0,82.61,7.12,16.5,280.5,3.0,66.4,37.403660625,0.3120698365062539,389
HPUL1EPA_WQX-SC-01:20230816:1127:FM:PS:,8.4,162.09405044510385,281.0,7.12,65.86257217573221,355.4,3.1233735705209655,66.4,56.2,0.31206562587853753,390
nwisca.01.02301378,7.9,162.09405044510385,246.45972997594052,7.12,22.5,318.5,3.1233735705209655,66.4,620.0,0.31206325501977655,391
nwisca.01.02301335,7.9,162.09405044510385,246.45972997594052,7.12,24.1,298.0,3.1233735705209655,66.4,610.0,0.31205875348925916,392
nwisca.01.02206375,7.775573846153846,30.2,33.045,7.12,0.07,71.0,2.14,66.4,37.403660625,0.31203198033575397,393
nwisca.01.02302305,8.0,43.8,53.03333333333333,7.12,0.08,104.0,2.25,66.4,37.403660625,0.3119850306374092,394
HPUL1EPA_WQX-AC-01:20211229:0905:FM:PS:,11.24,162.09405044510385,97.0,7.12,65.86257217573221,149.0,3.1233735705209655,66.4,9.06,0.3119672529641158,395
nwisca.01.02100336,7.5,11.7,21.683333333333334,7.12,0.56,43.0,3.1233735705209655,66.4,37.403660625,0.3118575682130646,396
nwisca.01.02103040,7.9,700.0,351.98,7.12,176.0,1165.0,1.78,66.4,37.403660625,0.3118177291659913,397
nwisca.01.02003718,8.600000000000001,105.0,135.8575,7.12,44.1,464.0,3.1233735705209655,66.4,37.403660625,0.3117984871399177,398
nwisca.01.02302251,8.6,111.0,140.705,7.12,53.7,486.0,3.1233735705209655,66.4,37.403660625,0.3117309155565321,399
CA_BVR-SC1:20210316:0948:FM:PS:0.07:Hydro,7.76,162.09405044510385,0.3351,7.12,65.86257217573221,0.5235,3.1233735705209655,66.4,11.1,0.3117125350225467,400
nwisca.01.02201777,7.775573846153846,162.09405044510385,45.56,7.12,0.12,117.0,1.75,66.4,37.403660625,0.3116971114408405,401
nwisca.01.02303843,8.4,162.09405044510385,246.45972997594052,7.12,27.8,477.0,3.1233735705209655,66.4,52.0,0.3116528169822322,402
nwisca.01.02202677,7.8,162.09405044510385,246.45972997594052,7.12,14.9,285.5,3.1233735705209655,66.4,0.0,0.31161148165565045,403
nwisca.01.02102731,8.5,67.5,78.4725,7.12,14.9,225.5,3.1233735705209655,66.4,37.403660625,0.3116011139082467,404
nwisca.01.02201162,7.775573846153846,202.0,138.69,7.12,39.2,461.0,1.74,66.4,37.403660625,0.31155532477117065,405
POMO989_WQX-HAB:SHADY01:2020310:1045:F,7.8,162.09405044510385,0.237,7.12,65.86257217573221,0.3703,3.1233735705209655,66.4,7.686999999999999,0.31152285375326205,406
nwisca.01.02301320,7.9,53.1,137.70333333333335,7.12,7.37,66.0,4.15,66.4,740.0,0.3114890433246751,407
nwisca.01.02207419,7.775573846153846,23.4,35.05,7.12,0.08,56.0,2.46,66.4,37.403660625,0.31144911203614006,408
CA_BVR-FC2:20220617:0848:FM:PS:0.296:Hydro,7.2,162.09405044510385,0.2412,7.12,65.86257217573221,0.3768,3.1233735705209655,66.4,9.2,0.31144059450437267,409
OVIWC-LP-SS-1-20230316-F,8.14,162.09405044510385,137.0,7.12,65.86257217573221,211.4,3.1233735705209655,66.4,85.49,0.31143787607323714,410
nwisca.01.02202145,7.775573846153846,43.9,45.06,7.12,0.07,105.0,2.03,66.4,37.403660625,0.3114203884961509,411
nwisca.01.02301359,7.775573846153846,58.7,43.56,7.12,9.71,338.4017245542537,3.1233735705209655,66.4,200.0,0.3113780560720982,412
HPUL1EPA_WQX-SC-01:20230830:1057:FM:PS:,8.2,162.09405044510385,253.0,7.12,65.86257217573221,389.3,3.1233735705209655,66.4,72.2,0.31135019870492026,413
nwisca.01.02303514,8.2,108.0,71.095,7.12,20.7,77.0,2.56,66.4,42.5,0.3113436569264069,414
nwisca.01.02303839,8.2,162.09405044510385,246.45972997594052,7.12,26.2,454.5,3.1233735705209655,66.4,72.0,0.31133443337210054,415
nwisca.01.02303830,7.8,162.09405044510385,246.45972997594052,7.12,20.0,242.5,3.1233735705209655,66.4,650.0,0.3111883259698535,416
nwisca.01.02206374,7.775573846153846,23.5,31.04,7.12,0.07,57.0,2.51,66.4,37.403660625,0.31117207052877155,417
nwisca.01.02302303,8.2,37.7,51.03666666666667,7.12,0.08,92.0,2.95,66.4,37.403660625,0.3110473661474538,418
nwisca.01.02105187,8.5,96.7,190.4675,7.12,136.0,575.0,3.1233735705209655,66.4,37.403660625,0.31098898699880717,419
CA_BVR-AC4:20220525:1143:FM:PS:0.143:Hydro,7.02,162.09405044510385,0.2442,7.12,65.86257217573221,0.3816,3.1233735705209655,66.4,9.7,0.3109252686906742,420
HPUL1EPA_WQX-AC-01:20230315:1158:FM:PS:,7.93,162.09405044510385,64.0,7.12,65.86257217573221,99.1,3.1233735705209655,66.4,137.0,0.31083477538763377,421
nwisca.01.02203442,7.75,61.8,442.285,7.12,7.33,165.0,1.96,66.4,37.403660625,0.310833889451386,422
nwisca.01.02301321,7.85,46.5,192.36666666666667,7.12,5.76,62.0,4.42,66.4,555.0,0.31081199223395717,423
HPUL1EPA_WQX-RS-01:20230405:1433:FM:PS:,7.89,162.09405044510385,116.0,7.12,65.86257217573221,179.0,3.1233735705209655,66.4,169.0,0.3107980274386425,424
nwisca.01.02301355,7.775573846153846,67.5,49.565,7.12,12.9,338.4017245542537,3.1233735705209655,66.4,160.0,0.310741593479821,425
HPUL1EPA_WQX-MC-03:20230315:1135:FM:PS:,7.74,162.09405044510385,63.0,7.12,65.86257217573221,96.6,3.1233735705209655,66.4,568.0,0.31066463462270416,426
nwisca.01.02200554,7.8,162.09405044510385,246.45972997594052,7.12,33.7,469.0,3.1233735705209655,66.4,300.0,0.31065798495103236,427
CA_BVR-MC2:20210429:0240:FM:PS:0.132:Hydro,6.84,162.09405044510385,0.1539,7.12,65.86257217573221,0.2404,3.1233735705209655,66.4,5.8,0.3106187917953288,428
nwisca.01.02301319,7.95,57.0,120.37333333333333,7.12,7.97,67.0,4.09,66.4,170.0,0.3106126321179517,429
CA_BVR-KC1:20210415:0118:FM:PS:0.11:Hanna,7.69,162.09405044510385,0.27,7.12,65.86257217573221,540.0,3.1233735705209655,66.4,0.0,0.3105892011438777,430
nwisca.01.02301318,7.95,54.3,28.406666666666666,7.12,7.18,65.0,4.37,66.4,210.0,0.310562879806624,431
nwisca.01.02304264,7.7,43.9,49.70333333333334,7.12,4.59,108.0,1.57,66.4,23.0,0.31047881731337307,432
nwisca.01.02303835,7.8,162.09405044510385,246.45972997594052,7.12,24.8,299.5,3.1233735705209655,66.4,240.0,0.31044052180794746,433
nwisca.01.02001428,8.4,162.09405044510385,246.45972997594052,7.12,50.9,1220.0,2.2,66.4,26.0,0.3103802214306653,434
nwisca.01.02201780,8.2,43.9,58.04,7.12,0.11,103.0,3.01,66.4,37.403660625,0.31034144840081057,435
CA_BVR-RED01:20220330:0959:FM:PS:0.507:Hydro,8.05,162.09405044510385,0.2699,7.12,65.86257217573221,0.4217,3.1233735705209655,66.4,7.9,0.31033677037874874,436
HPUL1EPA_WQX-SC-01:20230719:1222:FM:PS:,8.8,162.09405044510385,20.1,7.12,65.86257217573221,308.7,3.1233735705209655,66.4,27.0,0.31030994896170616,437
nwisca.01.02002652,7.8,26.7,38.696666666666665,7.12,0.06,65.0,2.6,66.4,37.403660625,0.31028384963890226,438
nwisca.01.02006023,8.350000000000001,66.8,76.605,7.12,9.28,255.5,3.1233735705209655,66.4,37.403660625,0.3102504297576965,439
nwisca.01.02301336,7.7,162.09405044510385,246.45972997594052,7.12,23.0,277.0,3.1233735705209655,66.4,610.0,0.3102440053565375,440
HPUL1EPA_WQX-MC-01:20230113:1134:FM:PS:,7.83,162.09405044510385,36.0,7.12,65.86257217573221,55.7,3.1233735705209655,66.4,147.0,0.3101710866853104,441
nwisca.01.02100538,8.1,55.0,65.71,7.12,0.17,132.0,2.66,66.4,37.403660625,0.3101582950154949,442
HPUL1EPA_WQX-MC-04:20230315:1345:FM:PS:,7.74,162.09405044510385,65.0,7.12,65.86257217573221,100.2,3.1233735705209655,66.4,276.0,0.31013714840495504,443
nwisca.01.02205329,8.4,94.9,179.195,7.12,122.0,565.0,3.1233735705209655,66.4,37.403660625,0.31010555555308944,444
HPUL1EPA_WQX-MC-02:20230315:1115:FM:PS:,7.68,162.09405044510385,63.0,7.12,65.86257217573221,97.4,3.1233735705209655,66.4,520.0,0.31007244742687834,445
nwisca.01.02301354,7.775573846153846,88.2,60.58,7.12,22.6,338.4017245542537,3.1233735705209655,66.4,140.0,0.3100436640580523,446
nwisca.01.02303517,8.1,63.1,44.06,7.12,10.1,68.0,4.62,66.4,111.5,0.31002544018123046,447
nwisca.01.02300947,7.85,118.0,169.46333333333334,7.12,30.3,372.0,3.84,66.4,530.0,0.30998218463811705,448
nwisca.01.02006036,7.9,23.1,32.545,7.12,0.75,69.5,3.1233735705209655,66.4,37.403660625,0.30994567813877555,449
nwisca.01.02301364,7.775573846153846,76.1,53.575,7.12,12.2,338.4017245542537,3.1233735705209655,66.4,120.0,0.30994174760816096,450
nwisca.01.02303519,8.05,56.0,40.055,7.12,8.11,62.0,4.66,66.4,117.5,0.30991993403345225,451
nwisca.01.02301369,7.775573846153846,70.1,50.07,7.12,11.1,338.4017245542537,3.1233735705209655,66.4,110.0,0.3098740004579475,452
nwisca.01.02401959,7.9,48.5,60.70666666666667,7.12,0.09,115.0,2.41,66.4,37.403660625,0.30986997228125784,453
nwisca.01.02202832,8.45,199.0,130.905,7.12,39.8,422.0,3.1233735705209655,66.4,37.403660625,0.309858765209162,454
nwisca.01.02104922,8.3,65.5,176.6375,7.12,5.78,178.0,3.1233735705209655,66.4,37.403660625,0.3098571231037415,455
nwisca.01.02003711,8.3,66.1,50.9175,7.12,5.36,152.0,3.1233735705209655,66.4,37.403660625,0.30985225774185027,456
nwisca.01.02303840,8.2,162.09405044510385,246.45972997594052,7.12,25.9,482.5,3.1233735705209655,66.4,52.0,0.3098343126235609,457
MORONGO1_WQX-H000012723,8.01,162.09405044510385,303.95,7.12,65.86257217573221,467.6,3.1233735705209655,66.4,75.5,0.3097869302344738,458
nwisca.01.02303836,7.7,162.09405044510385,246.45972997594052,7.12,25.3,291.0,3.1233735705209655,66.4,300.0,0.3097664972336413,459
nwisca.01.02301314,7.9,72.5,89.04666666666667,7.12,11.8,72.0,4.01,66.4,165.0,0.3097616105702958,460
nwisca.01.02204695,8.25,57.1,30.606666666666666,7.12,4.89,148.5,3.1233735705209655,66.4,37.403660625,0.3097066956545466,461
OVIWC-LP-SS-4-20230316-F,7.85,162.09405044510385,144.0,7.12,65.86257217573221,220.9,3.1233735705209655,66.4,115.73,0.30965610727571913,462
nwisca.01.02200692,7.85,142.0,298.6175,7.12,65.6,580.0,2.08,66.4,37.403660625,0.30960167139986305,463
nwisca.01.02103033,7.8,684.0,347.975,7.12,173.0,1145.0,1.93,66.4,37.403660625,0.30956831981026167,464
nwisca.01.02304888,8.2,50.9,87.2875,7.12,13.6,176.0,3.1233735705209655,66.4,37.403660625,0.3095124955856332,465
nwisca.01.02002947,8.4,174.0,114.2225,7.12,34.6,361.0,3.1233735705209655,66.4,37.403660625,0.30950254565800067,466
nwisca.01.02204286,8.3,78.3,106.4925,7.12,40.4,336.0,3.1233735705209655,66.4,37.403660625,0.3095002595686383,467
nwisca.01.02002733,8.45,442.0,395.28,7.12,363.0,1085.0,3.1233735705209655,66.4,37.403660625,0.3094836642304227,468
nwisca.01.02101911,8.2,52.6,62.04,7.12,0.12,125.0,3.1233735705209655,66.4,37.403660625,0.30946206491660727,469
nwisca.01.02001904,8.3,162.09405044510385,246.45972997594052,7.12,47.3,814.0,3.1233735705209655,66.4,42.0,0.30944767089739744,470
nwisca.01.02301338,7.6,162.09405044510385,246.45972997594052,7.12,20.5,269.5,3.1233735705209655,66.4,760.0,0.3094270275665361,471
nwisca.01.02300010,8.3,82.6,159.7825,7.12,89.9,501.0,3.1233735705209655,66.4,37.403660625,0.3094014632647674,472
nwisca.01.02301357,7.775573846153846,69.4,51.57,7.12,13.0,338.4017245542537,3.1233735705209655,66.4,89.0,0.3092908332786855,473
MORONGO1_WQX-M001041923,8.63,162.09405044510385,250.02,7.12,65.86257217573221,384.7,3.1233735705209655,66.4,28.2,0.30919793721566363,474
nwisca.01.02203575,8.149999999999999,48.9,45.2775,7.12,5.14,129.0,3.1233735705209655,66.4,37.403660625,0.3091893051486928,475
nwisca.01.02100046,8.3,96.7,186.7875,7.12,152.0,574.0,3.1233735705209655,66.4,37.403660625,0.3091708460744293,476
nwisaz.01.02300431,8.4,310.0,454.31666666666666,7.12,246.0,1105.0,3.1233735705209655,66.4,37.403660625,0.30915287844391315,477
nwisaz.01.02300259,8.4,311.0,3325.293333333333,7.12,239.0,1055.0,3.1233735705209655,66.4,37.403660625,0.30915212240544093,478
nwisca.01.02305968,8.25,74.7,114.74000000000001,7.12,25.7,274.0,3.1233735705209655,66.4,37.403660625,0.3091340170006689,479
nwisca.01.02201580,8.3,121.0,86.615,7.12,17.7,284.5,3.07,66.4,37.403660625,0.3090989302435746,480
nwisca.01.02002425,8.3,103.0,127.0875,7.12,37.5,443.0,3.1233735705209655,66.4,37.403660625,0.30909639359659147,481
nwisca.01.02305182,8.2,62.0,81.72,7.12,6.79,183.5,3.1233735705209655,66.4,37.403660625,0.3090566804408986,482
nwisca.01.02303516,8.1,66.6,46.06,7.12,11.0,71.0,4.98,66.4,96.5,0.3090368978648733,483
nwisca.01.02400179,8.25,79.4,120.08333333333333,7.12,23.0,284.5,3.1233735705209655,66.4,37.403660625,0.30903021423610405,484
nwisca.01.02400190,8.05,292.0,404.6233333333333,7.12,94.5,1060.0,2.86,66.4,52.0,0.3090103046253436,485
nwisca.01.02204700,7.6,65.7,77.995,7.12,13.9,224.0,2.01,66.4,37.403660625,0.3089341847600711,486
HPUL1EPA_WQX-MC-02:20231220:0916:FM:PS:,7.75,162.09405044510385,67.0,7.12,65.86257217573221,102.6,3.1233735705209655,66.4,117.76,0.30885924763727274,487
HPUL1EPA_WQX-CD-01:20230315:1222:FM:PS:,7.75,162.09405044510385,67.0,7.12,65.86257217573221,102.3,3.1233735705209655,66.4,117.0,0.3088441608313229,488
nwisca.01.02001868,8.3,129.0,199.13666666666666,7.12,42.3,528.0,3.1233735705209655,66.4,37.403660625,0.3088396486834663,489
nwisca.01.02101243,8.0,52.0,62.71333333333333,7.12,0.13,122.0,2.8,66.4,37.403660625,0.3088136378855239,490
nwisca.01.02105721,8.0,30.7,45.699999999999996,7.12,0.1,76.0,3.35,66.4,37.403660625,0.30879181110441584,491
nwisca.01.02006025,7.95,32.5,39.055,7.12,1.6,90.5,3.1233735705209655,66.4,37.403660625,0.3087437317045904,492
nwisaz.01.02300607,8.350000000000001,329.0,475.0,7.12,251.0,1150.0,3.1233735705209655,66.4,37.403660625,0.30867387915148065,493
nwisca.01.02003773,8.25,102.0,89.62,7.12,29.2,269.0,3.1233735705209655,66.4,37.403660625,0.3086738057373882,494
nwisca.01.02203157,7.775573846153846,32.7,37.05,7.12,0.07,78.0,2.71,66.4,37.403660625,0.30866190090693396,495
HPUL1EPA_WQX-MC-03:20231220:0925:FM:PS:,7.76,162.09405044510385,67.0,7.12,65.86257217573221,103.3,3.1233735705209655,66.4,104.97,0.30865903655778754,496
nwisca.01.02301328,7.7,162.09405044510385,246.45972997594052,7.12,5.22,92.0,3.1233735705209655,66.4,130.0,0.30864413000438917,497
nwisca.01.02301370,7.775573846153846,72.1,52.57,7.12,12.7,338.4017245542537,3.1233735705209655,66.4,74.0,0.30858253207705205,498
HPUL1EPA_WQX-CC-02:20230113:1003:FM:PS:,8.32,162.09405044510385,118.0,7.12,65.86257217573221,181.9,3.1233735705209655,66.4,36.0,0.30857401286998987,499
nwisca.01.02103034,7.775573846153846,689.0,343.965,7.12,174.0,1140.0,2.03,66.4,37.403660625,0.308558814695363,500
nwisca.01.02101820,8.7,162.09405044510385,246.45972997594052,7.12,25.9,1085.0,3.1233735705209655,66.4,25.0,0.3085384645125878,501
nwisca.01.02302304,8.2,39.5,54.70333333333334,7.12,0.09,97.0,3.82,66.4,37.403660625,0.3085063879592938,502
21NEV1_WQX-7200742-L-0.000,7.775573846153846,162.09405044510385,50.0,7.12,4.5,81.0,3.1233735705209655,66.4,92.0,0.3084598673415287,503
nwisca.01.02204959,7.55,80.6,105.235,7.12,16.9,288.5,1.97,66.4,37.403660625,0.308415172969338,504
nwisca.01.02103039,8.2,231.0,147.2,7.12,75.9,461.0,2.86,66.4,37.403660625,0.3084018398398052,505
CA_BVR-FC2:20220628:1132:FM:PS:0.183:Hydro,7.36,162.09405044510385,0.2699,7.12,65.86257217573221,0.4218,3.1233735705209655,66.4,9.0,0.30839611755765994,506
HPUL1EPA_WQX-SC-01:20230315:1400:FM:PS:,7.58,162.09405044510385,67.0,7.12,65.86257217573221,103.1,3.1233735705209655,66.4,212.0,0.30837200522806457,507
nwisca.01.02202012,8.25,141.0,313.83666666666664,7.12,76.4,657.0,3.1233735705209655,66.4,37.403660625,0.30829517564675846,508
HPUL1EPA_WQX-MC-04:20231220:0829:FM:PS:,7.6,162.09405044510385,71.0,7.12,65.86257217573221,109.3,3.1233735705209655,66.4,176.92,0.3082840483442317,509
nwisca.01.02301331,7.6,162.09405044510385,246.45972997594052,7.12,1.95,75.0,3.1233735705209655,66.4,170.0,0.30827598488125146,510
nwisca.01.02205025,8.45,82.8,74.82,7.12,3.52,224.5,4.2,66.4,37.403660625,0.30826671725557286,511
nwisaz.01.02300522,8.3,308.0,5281.626666666666,7.12,239.0,1060.0,3.1233735705209655,66.4,37.403660625,0.3082470019265867,512
nwisaz.01.02000268,8.3,316.0,437.3,7.12,238.0,1030.0,3.1233735705209655,66.4,37.403660625,0.3082367941293695,513
nwisaz.01.02300203,8.3,317.0,475.0,7.12,251.0,1165.0,3.1233735705209655,66.4,37.403660625,0.3082339908634387,514
nwisaz.01.02200100,8.3,322.0,482.67,7.12,260.0,1130.0,3.1233735705209655,66.4,37.403660625,0.3082280454536431,515
nwisaz.01.02300826,8.3,326.0,484.34,7.12,262.0,1165.0,3.1233735705209655,66.4,37.403660625,0.3082227824486606,516
nwisaz.01.02300572,8.3,327.0,471.33,7.12,251.0,1140.0,3.1233735705209655,66.4,37.403660625,0.30822182922019725,517
nwisaz.01.02300702,8.3,333.0,480.33,7.12,263.0,1160.0,3.1233735705209655,66.4,37.403660625,0.30821453359617573,518
nwisca.01.02301380,7.8,162.09405044510385,246.45972997594052,7.12,4.62,112.5,3.1233735705209655,66.4,80.0,0.3081779300327666,519
nwisca.01.02300546,8.2,112.0,215.48000000000002,7.12,66.0,574.5,3.1233735705209655,66.4,37.403660625,0.3080799214712127,520
nwisca.01.02100871,8.149999999999999,81.9,105.07,7.12,45.0,317.5,3.1233735705209655,66.4,37.403660625,0.3080667142088743,521
nwisca.01.02102732,8.25,192.0,198.8275,7.12,35.7,645.0,3.1233735705209655,66.4,37.403660625,0.3080531043917116,522
nwisca.01.02104380,8.149999999999999,82.2,133.1225,7.12,66.0,409.5,3.1233735705209655,66.4,37.403660625,0.30805142853884193,523
nwisca.01.02304127,8.25,197.0,172.11666666666667,7.12,72.0,403.5,3.1233735705209655,66.4,37.403660625,0.3080486156168284,524
HPUL1EPA_WQX-SC-01:20230208:1652:FM:PS:,7.89,162.09405044510385,126.0,7.12,65.86257217573221,194.4,3.1233735705209655,66.4,63.6,0.30804144017147017,525
nwisca.01.02203574,8.0,45.4,39.6575,7.12,4.4,118.0,3.1233735705209655,66.4,37.403660625,0.3080383221556357,526
OVIWC-LP-SS-1-20230829-F,7.61,162.09405044510385,36.0,7.12,65.86257217573221,55.7,3.1233735705209655,66.4,134.3,0.3079906423556798,527
nwisca.01.02101939,8.1,69.7,81.8475,7.12,19.4,232.5,3.1233735705209655,66.4,37.403660625,0.30790276649502063,528
nwisca.01.02308107,8.1,69.6,109.40666666666668,7.12,23.8,257.0,3.1233735705209655,66.4,37.403660625,0.30789988538744195,529
nwisca.01.02003922,8.149999999999999,95.7,67.59,7.12,12.4,208.0,3.1233735705209655,66.4,37.403660625,0.3078624924105091,530
CA_BVR-FC2:20210421:0930:FM:PS:0.04:Hanna,7.39,162.09405044510385,266.0,7.12,65.86257217573221,534.0,3.1233735705209655,66.4,0.0,0.3078622092530594,531
nwisca.01.02001994,8.1,71.6,79.92,7.12,19.5,241.5,3.1233735705209655,66.4,37.403660625,0.30785160417895713,532
nwisca.01.02003775,8.0,49.0,41.555,7.12,2.98,122.0,3.1233735705209655,66.4,37.403660625,0.3078263007973748,533
nwisaz.01.02100167,8.25,298.0,432.97,7.12,231.0,1045.0,3.1233735705209655,66.4,37.403660625,0.30780666129442075,534
nwisaz.01.02000192,8.25,301.0,423.29333333333335,7.12,234.0,998.5,3.1233735705209655,66.4,37.403660625,0.3078029583370607,535
nwisaz.01.02100091,8.25,304.0,455.31666666666666,7.12,246.0,1075.0,3.1233735705209655,66.4,37.403660625,0.3077977769223113,536
nwisaz.01.02200123,8.25,305.0,796.7225,7.12,235.0,1035.0,3.1233735705209655,66.4,37.403660625,0.3077968741031411,537
HPUL1EPA_WQX-MC-01:20231220:0900:FM:PS:,7.71,162.09405044510385,67.0,7.12,65.86257217573221,103.4,3.1233735705209655,66.4,91.06,0.3077961702378319,538
nwisaz.01.02100094,8.25,306.0,429.2966666666667,7.12,234.0,1015.0,3.1233735705209655,66.4,37.403660625,0.3077957520825561,539
nwisaz.01.02000276,8.25,308.0,434.30333333333334,7.12,232.0,1040.0,3.1233735705209655,66.4,37.403660625,0.30779270133778874,540
nwisaz.01.02200001,8.25,311.0,447.97333333333336,7.12,242.0,1055.0,3.1233735705209655,66.4,37.403660625,0.3077884860418046,541
nwisaz.01.02100272,8.25,314.0,438.97,7.12,234.0,1050.0,3.1233735705209655,66.4,37.403660625,0.30778459320749546,542
nwisaz.01.02000339,8.25,314.0,447.9766666666667,7.12,247.0,1055.0,3.1233735705209655,66.4,37.403660625,0.30778453228671004,543
nwisaz.01.02200006,8.25,314.0,456.98333333333335,7.12,246.0,1085.0,3.1233735705209655,66.4,37.403660625,0.30778417855311757,544
nwisaz.01.02000170,8.25,315.0,446.64000000000004,7.12,246.0,1045.0,3.1233735705209655,66.4,37.403660625,0.30778335352836134,545
nwisaz.01.02200027,8.25,317.0,471.3233333333333,7.12,258.0,1105.0,3.1233735705209655,66.4,37.403660625,0.30778007448080597,546
nwisaz.01.02200585,8.25,323.0,452.31666666666666,7.12,231.0,1105.0,3.1233735705209655,66.4,37.403660625,0.30777253280233813,547
nwisaz.01.02300088,8.25,326.0,458.99666666666667,7.12,216.0,1145.0,3.1233735705209655,66.4,37.403660625,0.3077684393593156,548
nwisaz.01.02300151,8.25,328.0,481.0,7.12,259.0,1135.0,3.1233735705209655,66.4,37.403660625,0.3077661359890526,549
nwisaz.01.02200137,8.25,335.0,619.0275,7.12,284.0,1275.0,3.1233735705209655,66.4,37.403660625,0.30775663129714675,550
nwisaz.01.02100079,8.25,368.0,535.6999999999999,7.12,297.0,1245.0,3.1233735705209655,66.4,37.403660625,0.30772243553504125,551
nwisca.01.02302828,8.25,382.0,340.8966666666667,7.12,149.0,768.5,3.1233735705209655,66.4,37.403660625,0.307716340089726,552
SYCEO_WQX-ZDC-7:20200219:0000:SR:,8.2,162.09405044510385,900.0,7.12,260.0,1340.0,3.1233735705209655,66.4,37.403660625,0.3077113767345668,553
nwisca.01.02200943,7.9,162.09405044510385,246.45972997594052,7.12,11.5,221.0,3.1233735705209655,66.4,58.0,0.3076981631101625,554
nwisca.01.02202798,8.3,115.0,246.45972997594052,7.12,12.5,260.5,3.6,66.4,37.403660625,0.3076817773557858,555
nwisca.01.02103036,8.3,118.0,82.11,7.12,28.4,248.0,3.59,66.4,37.403660625,0.3076797680050837,556
nwisca.01.02302818,8.2,175.0,157.77666666666667,7.12,67.8,377.5,3.1233735705209655,66.4,37.403660625,0.30767850306958344,557
nwisca.01.02002735,8.25,432.0,321.42,7.12,270.0,919.5,3.1233735705209655,66.4,37.403660625,0.30767446160667294,558
nwisca.01.02301324,7.5,162.09405044510385,246.45972997594052,7.12,1.89,63.5,3.1233735705209655,66.4,200.0,0.30764698515326294,559
nwisca.01.02302882,7.6,35.5,46.03,7.12,0.06,85.0,2.51,66.4,37.403660625,0.3076466997842508,560
nwisca.01.02305065,7.949999999999999,311.0,446.9766666666667,7.12,108.0,1140.0,4.4399999999999995,66.4,140.0,0.3076317586213365,561
nwisca.01.02103101,8.05,308.0,473.3233333333333,7.12,118.0,1180.0,3.1233735705209655,66.4,48.0,0.30762849575987455,562
OVIWC-LP-SS-1-20230413-F,7.96,162.09405044510385,79.0,7.12,65.86257217573221,122.1,3.1233735705209655,66.4,50.8,0.3076076391512122,563
nwisca.01.02200672,8.1,83.1,129.48,7.12,67.5,388.5,3.1233735705209655,66.4,37.403660625,0.307581707721515,564
nwisca.01.02303521,8.05,65.4,89.06333333333333,7.12,14.3,200.0,3.1233735705209655,66.4,37.403660625,0.30757905940039126,565
nwisca.01.02002736,8.25,667.0,524.76,7.12,393.0,1450.0,3.1233735705209655,66.4,37.403660625,0.30756412810941663,566
nwisca.01.02100066,8.2,331.0,474.3233333333333,7.12,128.0,1165.0,2.975,66.4,36.0,0.3075071362152497,567
CA_BVR-FC1:20220302:0819:FM:PS:0.141:Hydro,7.53,162.09405044510385,0.2415,7.12,65.86257217573221,0.3773,3.1233735705209655,66.4,7.5,0.3074822559970744,568
nwisca.01.02300026,7.45,66.8,91.06333333333333,7.12,14.5,238.5,2.02,66.4,37.403660625,0.3074587693920136,569
nwisca.01.02003883,8.100000000000001,92.9,219.48333333333335,7.12,115.0,534.5,3.1233735705209655,66.4,37.403660625,0.30740884218652254,570
nwisca.01.02200070,8.1,94.5,190.1225,7.12,160.0,605.5,3.1233735705209655,66.4,37.403660625,0.30738242537745325,571
nwisaz.01.02100148,8.2,283.0,6526.263333333333,7.12,215.0,942.5,3.1233735705209655,66.4,37.403660625,0.3073764115981951,572
nwisaz.01.02100244,8.2,289.0,5731.936666666667,7.12,218.0,947.5,3.1233735705209655,66.4,37.403660625,0.3073668944303752,573
nwisaz.01.02300108,8.2,291.0,1386.61,7.12,222.0,1000.5,3.1233735705209655,66.4,37.403660625,0.30736307915188044,574
nwisaz.01.02100299,8.2,292.0,423.28999999999996,7.12,232.0,1035.0,3.1233735705209655,66.4,37.403660625,0.3073611148601384,575
nwisaz.01.02200191,8.2,293.0,398.6133333333334,7.12,204.0,953.5,3.1233735705209655,66.4,37.403660625,0.30736072522014773,576
nwisaz.01.02100200,8.2,294.0,415.61999999999995,7.12,222.0,999.5,3.1233735705209655,66.4,37.403660625,0.30735857970968755,577
nwisaz.01.02100151,8.2,296.0,5199.6033333333335,7.12,220.0,955.0,3.1233735705209655,66.4,37.403660625,0.30735625113736126,578
nwisaz.01.02200140,8.2,297.0,430.9666666666667,7.12,232.0,1030.0,3.1233735705209655,66.4,37.403660625,0.3073537580725992,579
nwisca.01.02003717,8.05,73.5,82.79,7.12,20.0,239.5,3.1233735705209655,66.4,37.403660625,0.3073510598063519,580
nwisaz.01.02200163,8.2,304.0,429.63000000000005,7.12,232.0,1030.0,3.1233735705209655,66.4,37.403660625,0.3073437800024238,581
nwisaz.01.02000251,8.2,306.0,432.96333333333337,7.12,239.0,1030.0,3.1233735705209655,66.4,37.403660625,0.30734101297456,582
nwisaz.01.02100241,8.2,307.0,413.6133333333333,7.12,224.0,987.0,3.1233735705209655,66.4,37.403660625,0.3073402138688496,583
nwisaz.01.02100040,8.2,310.0,2695.2866666666664,7.12,238.0,1003.0,3.1233735705209655,66.4,37.403660625,0.30733593877620297,584
nwisaz.01.02000064,8.2,310.0,444.64000000000004,7.12,247.0,1035.0,3.1233735705209655,66.4,37.403660625,0.30733552272580344,585
nwisaz.01.02000318,8.2,315.0,447.31333333333333,7.12,241.0,1050.0,3.1233735705209655,66.4,37.403660625,0.30732874657005643,586
nwisaz.01.02200322,8.2,317.0,444.3066666666667,7.12,235.0,1085.0,3.1233735705209655,66.4,37.403660625,0.3073257541779589,587
nwisaz.01.02100037,8.2,320.0,2858.286666666667,7.12,237.0,992.5,3.1233735705209655,66.4,37.403660625,0.30732310734821405,588
nwisaz.01.02400089,8.2,321.0,464.99333333333334,7.12,258.0,1120.0,3.1233735705209655,66.4,37.403660625,0.3073203063280671,589
nwisaz.01.02100004,8.2,323.0,460.65000000000003,7.12,251.0,1090.0,3.1233735705209655,66.4,37.403660625,0.307318155436962,590
nwisaz.01.02300298,8.2,327.0,462.98333333333335,7.12,254.0,1100.0,3.1233735705209655,66.4,37.403660625,0.30731316883742216,591
nwisaz.01.02300877,8.2,328.0,476.32666666666665,7.12,262.0,1180.0,3.1233735705209655,66.4,37.403660625,0.30731113704014446,592
nwisaz.01.02300230,8.2,329.0,470.3233333333333,7.12,254.0,1125.0,3.1233735705209655,66.4,37.403660625,0.30731050359943846,593
nwisaz.01.02100117,8.2,334.0,536.6899999999999,7.12,275.0,1265.0,3.1233735705209655,66.4,37.403660625,0.3073033197623055,594
nwisaz.01.02200135,8.2,338.0,580.2675,7.12,275.0,1235.0,3.1233735705209655,66.4,37.403660625,0.3072990188314792,595
nwisaz.01.02400002,8.2,340.0,501.0133333333333,7.12,275.0,1190.0,3.1233735705209655,66.4,37.403660625,0.3072971922843422,596
nwisca.01.02104923,7.9,43.2,22.963333333333335,7.12,3.41,101.0,3.1233735705209655,66.4,37.403660625,0.30729284845853105,597
nwisca.01.02302111,7.95,50.8,71.38333333333334,7.12,6.2,153.5,3.1233735705209655,66.4,37.403660625,0.3072559864887348,598
nwisca.01.02203159,8.0,61.5,89.72666666666667,7.12,11.9,196.5,3.1233735705209655,66.4,37.403660625,0.3072505089873189,599
nwisca.01.02202011,8.0,61.5,136.39333333333335,7.12,16.7,211.0,3.1233735705209655,66.4,37.403660625,0.3072457887890627,600
HPUL1EPA_WQX-AC-01:20231220:0933:FM:PS:,8.0,162.09405044510385,82.0,7.12,65.86257217573221,126.6,3.1233735705209655,66.4,44.87,0.3072376069791633,601
nwisca.01.02003774,7.949999999999999,52.4,47.065,7.12,8.66,150.0,3.1233735705209655,66.4,37.403660625,0.30718068045327246,602
CA_BVR-FC1:20210407:0306:FM:PS:0.09:Hanna,7.31,162.09405044510385,216.0,7.12,65.86257217573221,433.0,3.1233735705209655,66.4,0.0,0.30714083214558063,603
nwisca.01.02004380,7.8999999999999995,45.6,678.0225,7.12,3.31,114.0,3.1233735705209655,66.4,37.403660625,0.30712081128639274,604
nwisca.01.02304253,8.05,84.2,113.1625,7.12,34.6,304.0,3.1233735705209655,66.4,37.403660625,0.3071165860813955,605
nwisca.01.02203948,8.2,749.0,347.1766666666667,7.12,269.0,1735.0,3.1233735705209655,66.4,37.403660625,0.3070869292119652,606
HPUL1EPA_WQX-CD-01:20231220:0941:FM:PS:,7.82,162.09405044510385,69.0,7.12,65.86257217573221,105.6,3.1233735705209655,66.4,58.39,0.307069932603036,607
HPUL1EPA_WQX-SC-01:20230301:1200:FM:PS:,8.11,162.09405044510385,115.0,7.12,65.86257217573221,176.8,3.1233735705209655,66.4,37.7,0.3070184107129654,608
nwisca.01.02300545,8.0,69.3,110.41000000000001,7.12,23.6,254.0,3.1233735705209655,66.4,37.403660625,0.3069994196900074,609
nwisca.01.02205026,7.6,95.7,126.32,7.12,22.2,345.0,2.2,66.4,37.403660625,0.30697559242695666,610
nwisca.01.02003712,7.9,48.5,31.39,7.12,2.94,100.0,3.1233735705209655,66.4,37.403660625,0.3069686263759207,611
HPUL1EPA_WQX-MC-02:20230329:1451:FM:PS:,7.82,162.09405044510385,88.0,7.12,65.86257217573221,135.0,3.1233735705209655,66.4,57.4,0.3069592430771478,612
nwisca.01.02301362,7.775573846153846,82.8,61.085,7.12,15.9,338.4017245542537,3.1233735705209655,66.4,54.0,0.30694795519479684,613
nwisca.01.02301410,7.55,72.5,84.39333333333333,7.12,14.1,190.5,2.29,66.4,40.0,0.3069196681032462,614
HPUL1EPA_WQX-SC-01:20230524:1408:FM:PS:,8.16,162.09405044510385,189.0,7.12,65.86257217573221,290.9,3.1233735705209655,66.4,35.2,0.3069145813595789,615
nwisaz.01.02200318,8.15,289.0,400.60999999999996,7.12,215.0,979.0,3.1233735705209655,66.4,37.403660625,0.3069118906378024,616
nwisca.01.02101959,8.15,204.0,422.28,7.12,155.0,969.0,11.8,66.4,640.0,0.30690760847794535,617
nwisca.01.02200538,7.775573846153846,203.0,135.685,7.12,39.8,457.0,2.36,66.4,37.403660625,0.30690214049800457,618
nwisaz.01.02100297,8.15,300.0,423.6233333333333,7.12,228.0,1020.0,3.1233735705209655,66.4,37.403660625,0.3068950077541665,619
nwisaz.01.02200582,8.15,302.0,414.28999999999996,7.12,213.0,1003.0,3.1233735705209655,66.4,37.403660625,0.3068923909717323,620
nwisaz.01.02200413,8.15,311.0,436.6333333333334,7.12,235.0,1050.0,3.1233735705209655,66.4,37.403660625,0.3068794560534991,621
nwisca.01.02102973,8.15,313.0,442.64000000000004,7.12,240.0,1035.0,3.1233735705209655,66.4,37.403660625,0.30687699808956165,622
nwisaz.01.02000163,8.15,315.0,454.9866666666667,7.12,246.0,1065.0,3.1233735705209655,66.4,37.403660625,0.3068740200692333,623
nwisaz.01.02200558,8.15,317.0,458.6566666666667,7.12,241.0,1095.0,3.1233735705209655,66.4,37.403660625,0.3068710951194743,624
nwisaz.01.02300008,8.15,318.0,463.6566666666667,7.12,242.0,1130.0,3.1233735705209655,66.4,37.403660625,0.306869436630145,625
nwisaz.01.02200121,8.149999999999999,354.0,488.2625,7.12,284.0,1185.0,3.1233735705209655,66.4,37.403660625,0.3068277245966769,626
nwisca.01.02003920,7.949999999999999,61.6,43.06,7.12,16.9,140.5,3.1233735705209655,66.4,37.403660625,0.3068199433542687,627
nwisca.01.02302263,7.85,61.2,68.04666666666667,7.12,9.03,155.5,2.4,66.4,29.0,0.3067142945079896,628
OVIWC-LP-SS-5-20230925-F,8.05,162.09405044510385,193.0,7.12,65.86257217573221,297.5,3.1233735705209655,66.4,39.07,0.3067028804883252,629
SANPASQUAL-21B0775-02,7.76,162.09405044510385,570.0,7.12,65.86257217573221,338.4017245542537,4.12,66.4,130.0,0.3066973584323518,630
nwisca.01.02300948,7.95,66.1,143.74666666666667,7.12,25.7,266.5,3.1233735705209655,66.4,37.403660625,0.3066322889107776,631
nwisca.01.02006024,7.85,46.6,36.05,7.12,8.83,108.5,3.1233735705209655,66.4,37.403660625,0.30661170156242396,632
HPUL1EPA_WQX-LC-01:20230802:1026:FM:PS:,7.48,162.09405044510385,709.0,7.12,65.86257217573221,1090.0,3.1233735705209655,66.4,131.0,0.30652627698510393,633
nwisaz.01.02100246,8.1,281.0,4994.596666666667,7.12,214.0,942.5,3.1233735705209655,66.4,37.403660625,0.30647055748852076,634
nwisaz.01.02200250,8.1,296.0,424.2966666666667,7.12,226.0,1020.0,3.1233735705209655,66.4,37.403660625,0.30644625959691835,635
nwisaz.01.02100247,8.1,298.0,6271.946666666667,7.12,224.0,995.5,3.1233735705209655,66.4,37.403660625,0.30644366715236043,636
nwisaz.01.02100152,8.1,307.0,6044.953333333334,7.12,233.0,1015.0,3.1233735705209655,66.4,37.403660625,0.30643074572466805,637
nwisca.01.02301367,7.775573846153846,82.7,58.08,7.12,15.3,338.4017245542537,3.1233735705209655,66.4,49.0,0.3064197893449264,638
nwisaz.01.02000345,8.1,317.0,4463.266666666666,7.12,195.0,1050.0,3.1233735705209655,66.4,37.403660625,0.30641707792324585,639
nwisca.01.02305321,8.0,309.0,446.6333333333334,7.12,111.0,1125.0,3.92,66.4,61.0,0.30641455711638016,640
nwisaz.01.02100041,8.1,332.0,3454.986666666666,7.12,261.0,1100.0,3.1233735705209655,66.4,37.403660625,0.30639815054908953,641
nwisaz.01.02100203,8.1,340.0,537.6866666666666,7.12,267.0,1220.0,3.1233735705209655,66.4,37.403660625,0.3063878224731987,642
nwisaz.01.02000347,8.1,343.0,620.0233333333333,7.12,277.0,1250.0,3.1233735705209655,66.4,37.403660625,0.306384246205572,643
nwisaz.01.02300065,8.100000000000001,343.0,621.04,7.12,284.0,1305.0,3.1233735705209655,66.4,37.403660625,0.30638379113430764,644
nwisaz.01.02300062,8.100000000000001,344.0,608.7725,7.12,277.0,1205.0,3.1233735705209655,66.4,37.403660625,0.3063835586835321,645
nwisaz.01.02300074,8.100000000000001,351.0,656.5475,7.12,289.0,1345.0,3.1233735705209655,66.4,37.403660625,0.3063749315575845,646
nwisaz.01.02200132,8.1,354.0,635.7875,7.12,297.0,1310.0,3.1233735705209655,66.4,37.403660625,0.30637209232214885,647
nwisaz.01.02100022,8.1,359.0,907.6966666666667,7.12,285.0,1135.0,3.1233735705209655,66.4,37.403660625,0.3063686173983628,648
nwisca.01.02003782,8.15,328.0,471.3233333333333,7.12,122.0,1155.0,4.24,66.4,52.0,0.30636489302814074,649
nwisaz.01.02200116,8.100000000000001,380.0,980.0825,7.12,316.0,1485.0,3.1233735705209655,66.4,37.403660625,0.30634600304609505,650
nwisca.01.02303520,8.0,179.0,104.14,7.12,22.6,324.0,3.1233735705209655,66.4,40.0,0.306336556847694,651
nwisca.01.02103048,8.1,403.0,407.2833333333333,7.12,263.0,886.0,3.1233735705209655,66.4,37.403660625,0.306332818419701,652
nwisaz.01.02200124,8.100000000000001,401.0,812.085,7.12,330.0,1495.0,3.1233735705209655,66.4,37.403660625,0.306328205671248,653
nwisca.01.02302264,7.9,160.0,211.14333333333332,7.12,49.4,550.0,4.95,66.4,110.0,0.30631931904040405,654
nwisca.01.02103050,8.1,565.0,583.0733333333334,7.12,412.0,1105.0,3.1233735705209655,66.4,37.403660625,0.3062382320369373,655
nwisca.01.02002455,8.2,162.09405044510385,246.45972997594052,7.12,9.55,304.0,3.1233735705209655,66.4,31.0,0.3061965812653385,656
nwisca.01.02203953,8.1,757.0,363.8566666666666,7.12,295.0,1830.0,3.1233735705209655,66.4,37.403660625,0.30617561856655556,657
HPUL1EPA_WQX-MC-03:20230329:1502:FM:PS:,7.74,162.09405044510385,88.0,7.12,65.86257217573221,135.4,3.1233735705209655,66.4,56.7,0.3061713446293408,658
nwisca.01.02103254,7.4,141.0,111.65,7.12,31.7,397.0,2.0,66.4,37.403660625,0.3061202247219926,659
nwisca.01.02200674,8.05,231.0,249.375,7.12,59.3,821.0,3.1233735705209655,66.4,37.403660625,0.3061172670569508,660
nwisca.01.02002426,7.85,56.0,65.09,7.12,4.43,172.5,3.1233735705209655,66.4,37.403660625,0.30610196043792776,661
nwisca.01.02200673,7.949999999999999,94.4,156.95,7.12,60.5,499.0,3.1233735705209655,66.4,37.403660625,0.306024989136863,662
nwisca.01.02102251,8.0,155.0,130.75666666666666,7.12,28.1,316.0,3.1233735705209655,66.4,37.403660625,0.30596217364355055,663
nwisaz.01.02300064,8.05,366.0,611.5475,7.12,300.0,1365.0,3.1233735705209655,66.4,37.403660625,0.3059052117484846,664
nwisaz.01.02300066,8.05,417.0,1237.865,7.12,352.0,1670.0,3.1233735705209655,66.4,37.403660625,0.3058603996215877,665
nwisca.01.02200555,7.6,162.09405044510385,246.45972997594052,7.12,3.34,100.0,3.1233735705209655,66.4,68.0,0.3057559948812515,666
nwisca.01.02103155,8.05,658.0,757.19,7.12,407.0,1610.0,3.1233735705209655,66.4,37.403660625,0.30574766042711526,667
nwisca.01.02002274,8.0,204.0,203.7375,7.12,46.7,652.0,3.1233735705209655,66.4,37.403660625,0.3057407223107755,668
nwisca.01.02203942,8.05,742.0,390.55333333333334,7.12,349.0,1825.0,3.1233735705209655,66.4,37.403660625,0.3057245302433437,669
SYCEO_WQX-ZDC-3:20230105:0000:SR:,7.98,162.09405044510385,740.0,7.12,152.0,994.0,3.1233735705209655,66.4,37.403660625,0.30571488281733206,670
SYCEO_WQX-ZDC-3:202301051035:SR,7.98,162.09405044510385,740.0,7.12,152.0,994.0,3.1233735705209655,66.4,37.403660625,0.30571488281733206,670
OVIWC-LP-SS-3-20230413-F,8.24,162.09405044510385,368.0,7.12,65.86257217573221,566.8,3.1233735705209655,66.4,28.38,0.3057042984015226,672
nwisca.01.02200559,8.1,162.09405044510385,246.45972997594052,7.12,12.1,168.0,20.7,66.4,860.0,0.30567244632743057,673
nwisca.01.02104254,8.25,298.0,445.6366666666667,7.12,111.0,1105.0,3.1233735705209655,66.4,29.0,0.30563281218077143,674
nwisca.01.02001993,8.149999999999999,312.0,444.9666666666667,7.12,112.0,1110.0,3.04,66.4,31.0,0.30559876040096273,675
CA_BVR-COOP01:20220421:0920:FM:PS:0.297:Hydro,7.94,162.09405044510385,0.245,7.12,65.86257217573221,0.3829,3.1233735705209655,66.4,6.6,0.30558634635137183,676
nwisca.01.02303828,8.2,162.09405044510385,246.45972997594052,7.12,53.3,600.5,3.1233735705209655,66.4,29.0,0.30555063281246864,677
nwisca.01.02305969,7.949999999999999,146.0,214.14666666666668,7.12,47.1,547.0,3.1233735705209655,66.4,37.403660625,0.305540775021024,678
nwisaz.01.02000342,8.0,295.0,5564.6033333333335,7.12,220.0,960.0,3.1233735705209655,66.4,37.403660625,0.3055394695990296,679
nwisaz.01.02000344,8.0,302.0,4071.9466666666667,7.12,230.0,990.0,3.1233735705209655,66.4,37.403660625,0.3055289313113196,680
nwisca.01.02204694,7.7,42.6,18.523333333333333,7.12,2.77,98.5,3.1233735705209655,66.4,37.403660625,0.3055200184515902,681
nwisca.01.02003402,8.05,342.0,501.3433333333333,7.12,130.0,1225.0,3.785,66.4,45.0,0.3054732030092955,682
nwisca.01.02201776,6.9,66.2,20.53,7.12,0.56,11.0,1.81,66.4,37.403660625,0.3054156900849476,683
nwisca.01.02201779,8.1,35.8,52.70666666666667,7.12,0.12,87.0,5.58,66.4,37.403660625,0.30540692090679616,684
nwisaz.01.02300075,8.0,449.0,965.4225,7.12,401.0,1955.0,3.1233735705209655,66.4,37.403660625,0.3053826798449528,685
nwisca.01.02302628,7.6,21.9,28.7575,7.12,0.99,67.5,4.0,66.4,37.403660625,0.30536831098594197,686
nwisca.01.02101242,8.2,55.5,64.71,7.12,0.13,130.0,5.26,66.4,37.403660625,0.3053244438599915,687
nwisca.01.02002734,8.0,593.0,436.25,7.12,390.0,1185.0,3.1233735705209655,66.4,37.403660625,0.30531756095147883,688
nwisca.01.02002424,7.95,197.0,200.985,7.12,44.0,661.5,3.1233735705209655,66.4,37.403660625,0.30530829670354714,689
nwisca.01.02201163,7.775573846153846,131.0,66.51,7.12,23.0,287.0,2.78,66.4,37.403660625,0.3052963762890487,690
nwisca.01.02306526,7.55,70.6,103.40333333333332,7.12,25.4,283.0,2.51,66.4,37.403660625,0.3052786527368779,691
nwisca.01.02002732,8.0,722.0,799.1975,7.12,579.0,2210.0,3.1233735705209655,66.4,37.403660625,0.30527350112505336,692
nwisca.01.02202010,7.949999999999999,211.0,280.52333333333337,7.12,47.7,692.0,3.1233735705209655,66.4,37.403660625,0.3052640505249387,693
nwisca.01.02300540,7.949999999999999,212.0,302.2033333333333,7.12,48.0,768.5,3.1233735705209655,66.4,37.403660625,0.305259231839387,694
SANPASQUAL-21B0775-03,7.78,162.09405044510385,630.0,7.12,65.86257217573221,338.4017245542537,7.46,66.4,630.0,0.30524458899836215,695
nwisca.01.02203955,8.0,865.0,554.1133333333333,7.12,543.0,2510.0,3.1233735705209655,66.4,37.403660625,0.3052433024555932,696
nwisca.01.02305183,7.8,67.7,90.06,7.12,13.6,226.0,3.1233735705209655,66.4,37.403660625,0.3052317124317573,697
nwisca.01.02303542,8.5,162.09405044510385,246.45972997594052,7.12,55.4,601.5,3.1233735705209655,66.4,22.0,0.3052002819658128,698
nwisca.01.02200866,8.0,117.0,72.6,7.12,18.6,232.0,13.0,66.4,265.0,0.30519618965460366,699
nwisca.01.02301323,7.7,162.09405044510385,246.45972997594052,7.12,3.62,91.0,3.1233735705209655,66.4,50.0,0.30519343447166103,700
nwisca.01.02200560,7.2,162.09405044510385,246.45972997594052,7.12,3.28,72.5,3.1233735705209655,66.4,250.0,0.3051738267621292,701
nwisca.01.02004215,8.149999999999999,307.0,463.6466666666667,7.12,125.0,1135.0,3.93,66.4,39.0,0.3051668613968262,702
nwisca.01.02102959,8.0,326.0,472.31666666666666,7.12,118.0,1180.0,4.21,66.4,53.0,0.305156957798062,703
nwisca.01.02002267,8.149999999999999,302.0,441.9666666666667,7.12,109.0,1090.0,2.5999999999999996,66.4,25.0,0.3051556044462676,704
HPUL1EPA_WQX-SC-01:20231115:1244:FM:PS:,7.2,162.09405044510385,327.0,7.12,65.86257217573221,503.0,3.1233735705209655,66.4,285.0,0.3051522837205601,705
HPUL1EPA_WQX-RS-01:20230315:1420:FM:PS:,7.27,162.09405044510385,63.0,7.12,65.86257217573221,96.5,3.1233735705209655,66.4,159.0,0.30512173922282937,706
nwisca.01.02304241,7.550000000000001,32.8,42.36333333333334,7.12,1.89,87.5,3.1233735705209655,66.4,37.403660625,0.30507626186305614,707
MORONGO1_WQX-BC1042722,8.24,162.09405044510385,374.43,7.12,65.86257217573221,576.0,3.1233735705209655,66.4,26.6,0.30504252620914507,708
nwisca.01.02202794,7.9,124.0,88.62,7.12,14.9,289.5,3.21,66.4,37.403660625,0.3049984563926805,709
HPUL1EPA_WQX-MC-01:20230329:1430:FM:PS:,7.94,162.09405044510385,86.0,7.12,65.86257217573221,132.9,3.1233735705209655,66.4,35.1,0.3049470385427843,710
nwisca.01.02303554,7.9,51.2,53.70333333333334,7.12,5.31,118.5,1.5,66.4,14.0,0.30494337147497813,711
nwisca.01.02100510,8.05,300.0,447.97,7.12,115.0,1085.0,2.55,66.4,26.0,0.3049132276472421,712
nwisca.01.02101938,7.8999999999999995,185.0,184.2975,7.12,37.8,593.5,3.1233735705209655,66.4,37.403660625,0.30489846516895885,713
HPUL1EPA_WQX-MC-04:20230329:1601:FM:PS:,7.78,162.09405044510385,94.0,7.12,65.86257217573221,144.9,3.1233735705209655,66.4,42.6,0.30489102847329125,714
HPUL1EPA_WQX-CC-02:20230315:1318:FM:PS:,7.68,162.09405044510385,124.0,7.12,65.86257217573221,190.5,3.1233735705209655,66.4,49.6,0.30488890606674107,715
nwisca.01.02200071,7.9,187.0,200.57,7.12,40.5,697.5,3.1233735705209655,66.4,37.403660625,0.3048876339602501,716
nwisca.01.02400176,7.8999999999999995,197.0,261.5133333333333,7.12,58.7,641.0,3.1233735705209655,66.4,37.403660625,0.3048544037831303,717
nwisca.01.02103035,7.775573846153846,165.0,106.145,7.12,35.2,357.0,2.84,66.4,37.403660625,0.30485064612096946,718
nwisca.01.02200675,7.9,238.0,256.4975,7.12,59.6,819.0,3.1233735705209655,66.4,37.403660625,0.3047372842844989,719
nwisca.01.02303171,7.1,162.09405044510385,246.45972997594052,7.12,1.37,68.5,3.1233735705209655,66.4,410.0,0.3047134604906838,720
nwisca.01.02300229,7.6,116.0,199.80999999999997,7.12,49.2,510.5,2.57,66.4,37.403660625,0.3047120004434098,721
HPUL1EPA_WQX-MC-04:20211229:0823:FM:PS:,11.24,162.09405044510385,106.0,7.12,65.86257217573221,163.9,3.1233735705209655,66.4,7.34,0.3047040241098633,722
nwisaz.01.02200656,7.8999999999999995,300.0,415.6233333333333,7.12,214.0,1020.0,3.1233735705209655,66.4,37.403660625,0.3046222804814392,723
HPUL1EPA_WQX-SC-01:20231227:0831:FM:PS:,7.56,162.09405044510385,141.0,7.12,65.86257217573221,216.2,3.1233735705209655,66.4,57.89,0.3045994203832111,724
nwisca.01.02303170,7.1,162.09405044510385,246.45972997594052,7.12,1.55,57.0,3.1233735705209655,66.4,320.0,0.3045607973094811,725
nwisca.01.02306443,7.3,32.7,40.36,7.12,0.07,77.0,2.67,66.4,37.403660625,0.3045110164294906,726
SYCEO_WQX-ZDC-8:202301051010:SR,7.84,162.09405044510385,146.0,7.12,13.0,212.0,3.1233735705209655,66.4,37.403660625,0.3044922421681195,727
SYCEO_WQX-ZDC-8:20230105:0000:SR:,7.84,162.09405044510385,146.0,7.12,13.0,212.0,3.1233735705209655,66.4,37.403660625,0.3044922421681195,727
nwisca.01.02002330,7.85,151.0,201.14,7.12,53.9,500.5,5.56,66.4,85.0,0.3044824896227218,729
nwisca.01.02003668,7.8,52.7,287.5375,7.12,15.8,186.0,2.14,66.4,21.0,0.3044591611697547,730
nwisca.01.02300184,7.8500000000000005,187.0,275.19666666666666,7.12,38.4,731.0,3.1233735705209655,66.4,37.403660625,0.3044322017163602,731
nwisca.01.02302252,7.85,189.0,252.50333333333333,7.12,49.5,644.0,3.1233735705209655,66.4,37.403660625,0.3044274131294391,732
nwisca.01.02100047,7.85,190.0,215.0025,7.12,40.3,704.5,3.1233735705209655,66.4,37.403660625,0.30442202936328056,733
nwisca.01.02300011,7.8500000000000005,194.0,293.53333333333336,7.12,27.8,727.5,3.1233735705209655,66.4,37.403660625,0.30440745731312785,734
nwisca.01.02003884,7.85,195.0,291.53333333333336,7.12,34.2,741.0,3.1233735705209655,66.4,37.403660625,0.30440371724885135,735
nwisca.01.02001995,7.85,196.0,199.66,7.12,48.3,655.0,3.1233735705209655,66.4,37.403660625,0.30440274143388407,736
HPUL1EPA_WQX-LC-01:20230703:0735:FM:PS:,7.38,162.09405044510385,562.0,7.12,65.86257217573221,864.0,3.1233735705209655,66.4,83.1,0.30438619514549137,737
nwisca.01.02103154,7.9,761.0,598.64,7.12,467.0,1645.0,3.1233735705209655,66.4,37.403660625,0.3043573725712206,738
OVIWC-LP-SS-3-20220329-F,8.78,162.09405044510385,219.0,7.12,65.86257217573221,336.9,3.1233735705209655,66.4,17.36,0.3043555258401782,739
nwisca.01.02203943,7.9,772.0,427.25666666666666,7.12,367.0,2020.0,3.1233735705209655,66.4,37.403660625,0.3043534396562259,740
nwisca.01.02103894,8.2,293.0,452.65000000000003,7.12,112.0,1130.0,4.31,66.4,36.0,0.30435115296706866,741
OVIWC-LP-SS-3-20230829-F,7.63,162.09405044510385,181.0,7.12,65.86257217573221,278.6,3.1233735705209655,66.4,48.9,0.30433100163539106,742
nwisca.01.02003921,7.550000000000001,42.1,26.535,7.12,1.75,90.0,3.1233735705209655,66.4,37.403660625,0.30420520373923726,743
HPUL1EPA_WQX-RS-01:20230208:1615:FM:PS:,8.02,162.09405044510385,131.0,7.12,65.86257217573221,201.7,3.1233735705209655,66.4,29.7,0.3041866784671852,744
nwisca.01.02101942,7.5,162.09405044510385,246.45972997594052,7.12,7.99,130.5,3.1233735705209655,66.4,58.0,0.3041041523629652,745
nwisaz.01.02200126,7.85,368.0,461.215,7.12,332.0,1380.0,3.1233735705209655,66.4,37.403660625,0.30408501136960475,746
OVIWC-LP-SS-5-20230829-F,7.9,162.09405044510385,197.0,7.12,65.86257217573221,303.2,3.1233735705209655,66.4,32.84,0.30397639986894404,747
MORONGO1_WQX-LMO042122,8.32,162.09405044510385,236.48,7.12,65.86257217573221,363.8,3.1233735705209655,66.4,22.7,0.30397175128784865,748
nwisca.01.02203160,7.8,207.0,212.265,7.12,35.0,699.5,3.1233735705209655,66.4,37.403660625,0.3039119915607068,749
nwisca.01.02203954,7.85,796.0,393.89000000000004,7.12,336.0,1980.0,3.1233735705209655,66.4,37.403660625,0.3038940027577047,750
nwisca.01.02302853,7.449999999999999,39.7,42.696666666666665,7.12,3.46,81.5,2.06,66.4,23.0,0.3038904978280176,751
nwisca.01.02203956,7.85,840.0,514.0433333333334,7.12,500.0,2335.0,3.1233735705209655,66.4,37.403660625,0.3038844972594527,752
nwisca.01.02203950,7.85,854.0,507.4066666666667,7.12,475.0,2440.0,3.1233735705209655,66.4,37.403660625,0.303881736807442,753
HPUL1EPA_WQX-SC-01:20230322:1320:FM:PS:,7.84,162.09405044510385,121.0,7.12,65.86257217573221,185.7,3.1233735705209655,66.4,34.5,0.30387009002521054,754
nwisca.01.02100870,7.8,231.0,341.13,7.12,50.9,744.0,3.1233735705209655,66.4,37.403660625,0.30384624120558223,755
nwisca.01.02301066,7.5,75.6,108.74000000000001,7.12,27.7,268.5,5.54,66.4,170.0,0.30384403407762733,756
nwisca.01.02101384,7.85,154.0,219.48333333333335,7.12,54.3,565.5,6.26,66.4,85.0,0.3038433458188831,757
nwisca.01.02203355,7.775573846153846,201.0,246.45972997594052,7.12,35.9,396.0,3.09,66.4,37.403660625,0.3038297883569942,758
HPUL1EPA_WQX-RS-01:20230719:1055:FM:PS:,7.23,162.09405044510385,209.0,7.12,65.86257217573221,321.1,3.1233735705209655,66.4,108.0,0.30382719992977475,759
HPUL1EPA_WQX-SC-01:20230329:1340:FM:PS:,7.96,162.09405044510385,135.0,7.12,65.86257217573221,207.3,3.1233735705209655,66.4,30.3,0.3038264349497547,760
SYCEO_WQX-ZDC-5:20230105:0000:SR:,7.77,162.09405044510385,452.0,7.12,63.3,593.0,3.1233735705209655,66.4,37.403660625,0.3038149739770452,761
SYCEO_WQX-ZDC-5:202301050927:SR,7.77,162.09405044510385,452.0,7.12,63.3,593.0,3.1233735705209655,66.4,37.403660625,0.3038149739770452,761
nwisca.01.02103255,8.15,301.0,450.30333333333334,7.12,117.0,1120.0,4.23,66.4,35.0,0.3037975728973797,763
HPUL1EPA_WQX-RS-01:20231115:1200:FM:PS:,7.59,162.09405044510385,236.0,7.12,65.86257217573221,362.9,3.1233735705209655,66.4,47.3,0.3037620752961323,764
OVIWC-LP-SS-4-20230829-F,7.96,162.09405044510385,185.0,7.12,65.86257217573221,284.3,3.1233735705209655,66.4,30.07,0.3037379925323619,765
nwisca.01.02301332,7.2,162.09405044510385,246.45972997594052,7.12,1.89,80.0,3.1233735705209655,66.4,110.0,0.3037283737448878,766
nwisca.01.02400302,7.75,145.0,223.82000000000002,7.12,64.6,587.0,3.1233735705209655,66.4,37.403660625,0.30372699115744817,767
nwisca.01.02301067,7.5,43.1,52.03666666666667,7.12,5.29,108.5,6.59,66.4,120.0,0.30362854148467977,768
nwisca.01.02205330,7.75,199.0,223.7825,7.12,17.9,763.5,3.1233735705209655,66.4,37.403660625,0.3034808232328104,769
nwisca.01.02103049,7.8,665.0,766.0875,7.12,560.0,1850.0,3.1233735705209655,66.4,37.403660625,0.3034717867296693,770
nwisca.01.02204291,7.75,205.0,298.53333333333336,7.12,21.2,757.0,3.1233735705209655,66.4,37.403660625,0.3034620462333992,771
nwisca.01.02201198,7.775573846153846,89.8,61.085,7.12,12.2,192.0,8.55,66.4,120.0,0.30345535587655537,772
nwisca.01.02203949,7.800000000000001,758.0,367.18666666666667,7.12,296.0,1940.0,3.1233735705209655,66.4,37.403660625,0.3034477033541078,773
nwisca.01.02301327,8.0,162.09405044510385,246.45972997594052,7.12,7.61,193.5,3.1233735705209655,66.4,28.0,0.3034342833127424,774
21NEV1_WQX-7200885-L-0.000,7.775573846153846,162.09405044510385,150.0,7.12,8.1,130.0,3.1233735705209655,66.4,35.0,0.30343168811801474,775
nwisca.01.02001803,8.05,310.0,457.31,7.12,114.0,1110.0,3.26,66.4,29.0,0.30338457789923295,776
nwisca.01.02200944,7.3,162.09405044510385,246.45972997594052,7.12,11.5,173.5,3.1233735705209655,66.4,75.0,0.3033565446611833,777
OVIWC-LP-SS-2-20230413-F,8.66,162.09405044510385,367.0,7.12,65.86257217573221,565.0,3.1233735705209655,66.4,17.4,0.30328558735801786,778
nwisca.01.02201199,7.775573846153846,96.9,63.085,7.12,15.6,205.0,12.3,66.4,200.0,0.30318261240468863,779
SYCEO_WQX-ZDC-7:202307241040:SR,7.7,162.09405044510385,1060.0,7.12,346.0,1510.0,3.1233735705209655,66.4,37.403660625,0.30316478821164855,780
nwisaz.01.02300069,7.75,381.0,620.4266666666666,7.12,337.0,1420.0,3.1233735705209655,66.4,37.403660625,0.30316371197002967,781
HPUL1EPA_WQX-SC-01:20231220:0821:FM:PS:,7.67,162.09405044510385,218.0,7.12,65.86257217573221,335.6,3.1233735705209655,66.4,38.55,0.30314634144703356,782
nwisca.01.02103153,7.75,486.0,358.3375,7.12,263.0,1006.0,3.1233735705209655,66.4,37.403660625,0.3030946430806705,783
HPUL1EPA_WQX-MC-02:20230322:1120:FM:PS:,7.78,162.09405044510385,84.0,7.12,65.86257217573221,128.6,3.1233735705209655,66.4,33.3,0.30306391843789304,784
nwisca.01.02102980,7.75,595.0,599.0833333333334,7.12,392.0,1230.0,3.1233735705209655,66.4,37.403660625,0.30304368745660176,785
nwisca.01.02202883,7.949999999999999,167.0,455.39,7.12,80.6,730.5,4.12,66.4,37.403660625,0.303038324507449,786
nwisca.01.02203944,7.75,678.0,474.6933333333333,7.12,548.0,2115.0,3.1233735705209655,66.4,37.403660625,0.30301261633399484,787
nwisca.01.02104381,7.7,209.0,223.185,7.12,25.4,722.0,3.1233735705209655,66.4,37.403660625,0.3029963496898176,788
HPUL1EPA_WQX-MC-04:20230322:1336:FM:PS:,7.81,162.09405044510385,85.0,7.12,65.86257217573221,131.1,3.1233735705209655,66.4,31.8,0.30293731301844135,789
nwisca.01.02201579,8.05,339.0,494.33666666666664,7.12,129.0,1215.0,4.87,66.4,40.0,0.30288450815976775,790
HPUL1EPA_WQX-MC-03:20230322:1140:FM:PS:,7.77,162.09405044510385,84.0,7.12,65.86257217573221,129.4,3.1233735705209655,66.4,32.8,0.30284395464063896,791
nwisaz.01.02200567,7.7,279.0,1059.6000000000001,7.12,216.0,986.0,3.1233735705209655,66.4,37.403660625,0.30283684527387045,792
nwisca.01.02301302,7.6,58.9,41.555,7.12,8.33,133.0,10.4,66.4,185.0,0.30282277196198926,793
CA_BVR-AC2:20220223:1054:FM:PS:0.182:Hydro,7.7,162.09405044510385,0.2046,7.12,65.86257217573221,0.3196,3.1233735705209655,66.4,5.6,0.3027967437181092,794
nwisca.01.02201193,7.775573846153846,108.0,69.095,7.12,17.5,223.0,11.8,66.4,160.0,0.30279627078690413,795
HPUL1EPA_WQX-SC-01:20231018:1028:FM:PS:,7.39,162.09405044510385,311.0,7.12,65.86257217573221,478.7,3.1233735705209655,66.4,55.2,0.30278360734479115,796
HPUL1EPA_WQX-RS-01:20230322:0955:FM:PS:,7.6,162.09405044510385,97.0,7.12,65.86257217573221,149.1,3.1233735705209655,66.4,39.6,0.30275321468675115,797
OVIWC-LP-SS-4-20230413-F,8.58,162.09405044510385,367.0,7.12,65.86257217573221,565.2,3.1233735705209655,66.4,17.58,0.30272336443348785,798
HPUL1EPA_WQX-MC-03:20220105:1710:FM:PS:,8.48,162.09405044510385,84.0,7.12,65.86257217573221,128.8,3.1233735705209655,66.4,18.5,0.30268865309176013,799
nwisaz.01.02200125,7.699999999999999,562.0,549.1925,7.12,256.0,1805.0,3.1233735705209655,66.4,37.403660625,0.3025983474313619,800
nwisca.01.02105188,7.65,199.0,225.2275,7.12,28.1,733.5,3.1233735705209655,66.4,37.403660625,0.30257245534210836,801
nwisca.01.02203945,7.7,715.0,497.99,7.12,579.0,2195.0,3.1233735705209655,66.4,37.403660625,0.30254801528525926,802
nwisca.01.02203345,7.5,162.09405044510385,246.45972997594052,7.12,7.16,186.5,3.1233735705209655,66.4,44.0,0.30253430394535086,803
nwisca.01.02301299,7.5,58.6,40.055,7.12,8.66,130.0,13.4,66.4,1060.0,0.30251577181370676,804
CA_BVR-FC2:20220602:1046:FM:PS:0.278:Hydro,7.29,162.09405044510385,0.3278,7.12,65.86257217573221,0.5122,3.1233735705209655,66.4,9.1,0.30245470199094376,805
nwisca.01.02300305,7.775573846153846,245.0,157.715,7.12,55.5,338.4017245542537,3.57,66.4,37.403660625,0.3023804106270997,806
MORONGO1_WQX-HE1071322,8.1,162.09405044510385,177.41,7.12,65.86257217573221,272.9,3.1233735705209655,66.4,23.3,0.30230231049406864,807
SYCEO_WQX-ZDC-7:20201202:0000:SR:,7.6,162.09405044510385,750.0,7.12,184.0,1220.0,3.1233735705209655,66.4,37.403660625,0.30225782200671575,808
HPUL1EPA_WQX-LC-01:20231220:0810:FM:PS:,7.7,162.09405044510385,77.0,7.12,65.86257217573221,118.4,3.1233735705209655,66.4,32.94,0.30225362802696426,809
nwisca.01.02203344,7.7,162.09405044510385,246.45972997594052,7.12,8.19,201.0,3.1233735705209655,66.4,33.0,0.3022222650440737,810
nwisca.01.02301373,7.775573846153846,171.0,103.64,7.12,27.0,338.4017245542537,4.45,66.4,45.0,0.30216756607376916,811
nwisca.01.02303829,8.3,162.09405044510385,246.45972997594052,7.12,57.0,665.5,3.1233735705209655,66.4,20.0,0.3021049422366234,812
HPUL1EPA_WQX-CD-01:20230322:1211:FM:PS:,7.83,162.09405044510385,82.0,7.12,65.86257217573221,126.3,3.1233735705209655,66.4,28.5,0.3021016933170787,813
CA_BVR-MC2:20210421:0856:FM:PS:0.15:Hanna,6.74,162.09405044510385,130.0,7.12,65.86257217573221,258.0,3.1233735705209655,66.4,0.0,0.301980157016558,814
nwisca.01.02001796,7.5,162.09405044510385,246.45972997594052,7.12,65.86257217573221,141.0,3.7,66.4,51.0,0.3018958494011342,815
nwisca.01.02003009,8.2,162.09405044510385,246.45972997594052,7.12,7.84,289.0,3.1233735705209655,66.4,21.0,0.3018901299007994,816
nwisca.01.02200558,7.6,162.09405044510385,246.45972997594052,7.12,11.9,125.5,11.0,66.4,280.0,0.30179065268409283,817
OVIWC-LP-SS-1-20230727-F,8.13,162.09405044510385,21.0,7.12,65.86257217573221,31.9,3.1233735705209655,66.4,21.19,0.3017499340268975,818
OVIWC-LP-SS-5-20230413-F,8.67,162.09405044510385,366.0,7.12,65.86257217573221,563.7,3.1233735705209655,66.4,15.78,0.30172157579629905,819
HPUL1EPA_WQX-AC-01:20230322:1157:FM:PS:,7.96,162.09405044510385,89.0,7.12,65.86257217573221,137.5,3.1233735705209655,66.4,24.6,0.3017144731295885,820
OVIWC-LP-SS-3-20221012-F,8.31,162.09405044510385,226.0,7.12,65.86257217573221,348.4,3.1233735705209655,66.4,19.28,0.3016905551031507,821
CA_BVR-FC2:20200302:0905:FM:PS:0.017:Hydro,7.41,162.09405044510385,0.247,7.12,65.86257217573221,0.3867,3.1233735705209655,66.4,6.8,0.30167177775522,822
nwisca.01.02003719,7.55,204.0,213.3425,7.12,33.9,683.5,3.1233735705209655,66.4,37.403660625,0.30164885919062323,823
nwisca.01.02301304,7.7,68.0,48.065,7.12,10.8,159.0,9.44,66.4,78.0,0.30164409186952923,824
nwisca.01.02001797,7.5,162.09405044510385,246.45972997594052,7.12,65.86257217573221,142.0,3.5,66.4,45.0,0.3016375176349959,825
nwisca.01.02203951,7.6,822.0,490.69,7.12,450.0,2350.0,3.1233735705209655,66.4,37.403660625,0.3016150881485463,826
nwisca.01.02001793,7.5,162.09405044510385,246.45972997594052,7.12,65.86257217573221,131.0,3.4,66.4,43.0,0.301614399922364,827
OVIWC-LP-SS-2-20230829-F,7.45,162.09405044510385,183.0,7.12,65.86257217573221,282.1,3.1233735705209655,66.4,40.91,0.30157371895384216,828
nwisca.01.02301325,7.0,162.09405044510385,246.45972997594052,7.12,2.03,69.5,3.1233735705209655,66.4,95.0,0.30153304928660757,829
SYCEO_WQX-ZDC-7:20220105:0000:SR:,7.51,162.09405044510385,920.0,7.12,281.0,1430.0,3.1233735705209655,66.4,37.403660625,0.3014380155353183,830
nwisca.01.02200867,7.9,101.0,70.595,7.12,13.5,208.0,7.85,66.4,49.5,0.30141422887931557,831
nwisca.01.02200553,7.7,162.09405044510385,246.45972997594052,7.12,6.94,130.0,3.1233735705209655,66.4,30.0,0.30140893886726544,832
OVIWC-LP-SS-4-20230925-F,8.0,162.09405044510385,195.0,7.12,65.86257217573221,299.7,3.1233735705209655,66.4,23.27,0.301373276582302,833
SYCEO_WQX-ZDC-3:20200316:0000:SR:,7.5,162.09405044510385,238.0,7.12,36.1,380.0,3.1233735705209655,66.4,37.403660625,0.30137318640392335,834
nwisca.01.02001794,7.5,162.09405044510385,246.45972997594052,7.12,65.86257217573221,131.0,3.5,66.4,43.0,0.30135557639295224,835
SYCEO_WQX-ZDC-7:20200722:0000:SR:,7.5,162.09405044510385,770.0,7.12,179.0,1240.0,3.1233735705209655,66.4,37.403660625,0.3013485526602901,836
SYCEO_WQX-ZDC-7:20211026:0000:SR:,7.5,162.09405044510385,840.0,7.12,210.0,1260.0,3.1233735705209655,66.4,37.403660625,0.3013483798876327,837
SYCEO_WQX-ZDC-7:20200122:0000:SR:,7.5,162.09405044510385,870.0,7.12,246.0,1320.0,3.1233735705209655,66.4,37.403660625,0.30134789298287074,838
nwisca.01.02001795,7.5,162.09405044510385,246.45972997594052,7.12,65.86257217573221,135.0,3.6,66.4,44.0,0.3012563350058879,839
nwisca.01.02200561,6.8,162.09405044510385,246.45972997594052,7.12,6.4,95.0,3.1233735705209655,66.4,200.0,0.3012128712927347,840
nwisca.01.02200551,7.8,85.4,64.085,7.12,21.2,194.0,9.28,66.4,61.0,0.3012062936966671,841
SYCEO_WQX-ZDC-7:202301051132:SR,7.47,162.09405044510385,824.0,7.12,219.0,1000.0,3.1233735705209655,66.4,37.403660625,0.3010784377101435,842
SYCEO_WQX-ZDC-7:20230105:0000:SR:,7.47,162.09405044510385,824.0,7.12,219.0,1000.0,3.1233735705209655,66.4,37.403660625,0.3010784377101435,842
SYCEO_WQX-ZDC-7:20220328:0000:SR:,7.46,162.09405044510385,880.0,7.12,239.0,1340.0,3.1233735705209655,66.4,37.403660625,0.3009841040072941,844
nwisca.01.02301374,7.775573846153846,159.0,95.63,7.12,22.7,338.4017245542537,3.01,66.4,26.0,0.30098045007688584,845
MORONGO1_WQX-LMO071322,8.18,162.09405044510385,251.55,7.12,65.86257217573221,387.0,3.1233735705209655,66.4,19.9,0.3009581507360363,846
MORONGO1_WQX-HE1071321,7.89,162.09405044510385,161.17,7.12,65.86257217573221,247.9,3.1233735705209655,66.4,24.3,0.3008936239819351,847
OVIWC-LP-SS-3-20220228-F,8.99,162.09405044510385,235.0,7.12,65.86257217573221,361.0,3.1233735705209655,66.4,12.97,0.3007929451804445,848
OVIWC-LP-SS-3-20220714-F,8.53,162.09405044510385,240.0,7.12,65.86257217573221,369.2,3.1233735705209655,66.4,16.02,0.3007277644613685,849
nwisca.01.02001798,7.6,162.09405044510385,246.45972997594052,7.12,65.86257217573221,142.0,3.7,66.4,37.0,0.30072318512066337,850
CA_BVR-AC4:20210302:1053:FM:PS:0.044:Hydro,7.87,162.09405044510385,0.229,7.12,65.86257217573221,0.3577,3.1233735705209655,66.4,5.7,0.300722780950396,851
HPUL1EPA_WQX-LC-01:20230712:0847:FM:PS:,8.04,162.09405044510385,596.0,7.12,65.86257217573221,917.0,3.1233735705209655,66.4,21.5,0.3007142319011089,852
nwisca.01.02200543,7.9,93.0,67.59,7.12,17.6,198.5,6.4,66.4,38.0,0.30070096880077196,853
HPUL1EPA_WQX-RS-01:20230215:1702:FM:PS:,8.03,162.09405044510385,145.0,7.12,65.86257217573221,223.7,3.1233735705209655,66.4,21.5,0.30066893943288686,854
CA_BVR-CC2:20220421:1215:FM:PS:0.245:Hydro,7.62,162.09405044510385,0.3298,7.12,65.86257217573221,0.5153,3.1233735705209655,66.4,7.9,0.3006140231670769,855
nwisca.01.02002490,8.3,162.09405044510385,246.45972997594052,7.12,8.55,295.0,3.1233735705209655,66.4,18.0,0.30057208045392736,856
nwisca.01.02302855,7.9,173.0,229.15666666666667,7.12,61.7,571.5,4.44,66.4,31.0,0.30047427909208296,857
HPUL1EPA_WQX-RS-01:20231220:0800:FM:PS:,7.4,162.09405044510385,120.0,7.12,65.86257217573221,18.39,3.1233735705209655,66.4,34.17,0.3004528193236915,858
SYCEO_WQX-ZDC-7:20221101:0000:SR:,7.4,162.09405044510385,790.0,7.12,187.0,1180.0,3.1233735705209655,66.4,37.403660625,0.3004400152093731,859
SYCEO_WQX-ZDC-7:20220627:0000:SR:,7.4,162.09405044510385,770.0,7.12,185.0,1200.0,3.1233735705209655,66.4,37.403660625,0.3004398245737799,860
SYCEO_WQX-ZDC-7:20200625:0000:SR:,7.4,162.09405044510385,780.0,7.12,179.0,1250.0,3.1233735705209655,66.4,37.403660625,0.30043937467377985,861
SYCEO_WQX-ZDC-7:20210428:0000:SR:,7.4,162.09405044510385,840.0,7.12,226.0,1260.0,3.1233735705209655,66.4,37.403660625,0.3004392889785417,862
nwisca.01.02301382,7.85,145.0,192.46666666666667,7.12,46.4,491.0,4.18,66.4,30.0,0.30029713242153516,863
nwisca.01.02203346,7.3,162.09405044510385,246.45972997594052,7.12,7.84,147.0,3.1233735705209655,66.4,41.0,0.3002691050658752,864
nwisca.01.02305571,7.550000000000001,40.4,56.03666666666667,7.12,12.2,145.0,2.68,66.4,21.0,0.30005048441563076,865
OVIWC-LP-SS-3-20220125-F,8.64,162.09405044510385,223.0,7.12,65.86257217573221,343.1,3.1233735705209655,66.4,14.59,0.3000144118054116,866
HPUL1EPA_WQX-RS-01:20231227:0757:FM:PS:,7.61,162.09405044510385,133.0,7.12,65.86257217573221,204.6,3.1233735705209655,66.4,28.3,0.2999912409367109,867
nwisca.01.02305186,7.4,32.9,45.36333333333334,7.12,8.13,114.0,3.11,66.4,25.0,0.2999865130904048,868
SYCEO_WQX-ZDC-7:20210726:0000:SR:,7.35,162.09405044510385,800.0,7.12,190.0,1180.0,3.1233735705209655,66.4,37.403660625,0.2999854697548276,869
HPUL1EPA_WQX-RS-01:20230329:1635:FM:PS:,7.5,162.09405044510385,103.0,7.12,65.86257217573221,158.8,3.1233735705209655,66.4,31.2,0.2999315430595467,870
MORONGO1_WQX-HE1072920,7.93,162.09405044510385,176.87,7.12,65.86257217573221,272.1,3.1233735705209655,66.4,21.7,0.29986936068724585,871
SYCEO_WQX-ZDC-5:20200316:0000:SR:,7.32,162.09405044510385,269.0,7.12,38.7,357.0,3.1233735705209655,66.4,37.403660625,0.2997391110691962,872
SYCEO_WQX-ZDC-7:20210128:0000:SR:,7.32,162.09405044510385,891.0,7.12,243.0,1330.0,3.1233735705209655,66.4,37.403660625,0.29971145246680786,873
CA_BVR-AC2:20210316:1243:FM:PS:0.082:Hydro,8.0,162.09405044510385,0.2257,7.12,65.86257217573221,0.3527,3.1233735705209655,66.4,5.4,0.29970559363370364,874
MORONGO1_WQX-M003102921,8.49,162.09405044510385,257.94,7.12,65.86257217573221,396.8,3.1233735705209655,66.4,15.37,0.29962111124361784,875
nwisca.01.02201180,7.775573846153846,161.0,101.64,7.12,40.0,331.0,5.54,66.4,37.403660625,0.2995874910797817,876
CA_BVR-FC3:20220623:1118:FM:PS:0.402:Hydro,6.73,162.09405044510385,0.2216,7.12,65.86257217573221,0.3463,3.1233735705209655,66.4,6.8,0.2995618112462004,877
OVIWC-LP-SS-3-20231130-F,7.97,162.09405044510385,240.0,7.12,65.86257217573221,368.9,3.1233735705209655,66.4,20.59,0.2995231303774217,878
CA_BVR-LC01:20211116:1057:FM:PS:0.497:Hydro,8.25,162.09405044510385,0.2614,7.12,65.86257217573221,0.4084,3.1233735705209655,66.4,5.7,0.2994930713550622,879
nwisca.01.02200552,7.6,162.09405044510385,246.45972997594052,7.12,6.86,112.0,3.1233735705209655,66.4,27.0,0.299477644920934,880
SYCEO_WQX-ZDC-7:20200316:0000:SR:,7.29,162.09405044510385,1080.0,7.12,400.0,1560.0,3.1233735705209655,66.4,37.403660625,0.29943722899685676,881
nwisca.01.02305058,7.300000000000001,32.9,53.04,7.12,8.6,117.5,2.88,66.4,24.0,0.2993973029965306,882
nwisca.01.02001792,7.5,162.09405044510385,246.45972997594052,7.12,65.86257217573221,134.0,3.2,66.4,30.0,0.29935152555315153,883
HPUL1EPA_WQX-SC-01:20230308:1610:FM:PS:,7.83,162.09405044510385,104.0,7.12,65.86257217573221,159.9,3.1233735705209655,66.4,22.1,0.2992290352854814,884
CA_BVR-FC3:20220506:1024:FM:PS:0.298:Hydro,6.99,162.09405044510385,0.2673,7.12,65.86257217573221,0.4177,3.1233735705209655,66.4,7.5,0.2991132349276092,885
nwisca.01.02304974,7.85,327.0,457.98333333333335,7.12,104.0,1155.0,6.37,66.4,37.403660625,0.2991047989054485,886
nwisca.01.02303166,7.6,162.09405044510385,246.45972997594052,7.12,4.83,147.0,3.1233735705209655,66.4,26.0,0.29904937966932055,887
nwisca.01.02203151,8.05,315.0,458.65333333333336,7.12,105.0,1170.0,4.08,66.4,23.0,0.2989552929417556,888
nwisca.01.02301381,7.8,162.09405044510385,246.45972997594052,7.12,5.84,138.0,3.1233735705209655,66.4,22.0,0.29891201104725934,889
nwisca.01.02103379,7.8,162.09405044510385,246.45972997594052,7.12,6.86,156.0,3.1233735705209655,66.4,22.0,0.2989007259302025,890
nwisca.01.02200817,7.3,175.0,132.68,7.12,39.2,417.0,17.4,66.4,4440.0,0.29883837110839284,891
nwisca.01.02200537,8.6,162.09405044510385,246.45972997594052,7.12,60.0,1050.0,3.1233735705209655,66.4,14.0,0.29881407397216053,892
HPUL1EPA_WQX-MC-01:20230322:1055:FM:PS:,7.78,162.09405044510385,81.0,7.12,65.86257217573221,124.4,3.1233735705209655,66.4,22.1,0.2987985776098734,893
nwisca.01.02201663,8.1,326.0,479.99666666666667,7.12,124.0,1210.0,4.48,66.4,23.0,0.29872165128397876,894
CA_BVR-MC1:20210202:0703:FM:PS:0.004:Hydro,6.75,162.09405044510385,0.1737,7.12,65.86257217573221,0.272,3.1233735705209655,66.4,5.3,0.29871554738150374,895
nwisca.01.02201170,7.775573846153846,156.0,99.135,7.12,38.2,322.0,5.5,66.4,33.0,0.29865395111410326,896
SYCEO_WQX-ZDC-7:202304241108:SR,7.2,162.09405044510385,1320.0,7.12,498.0,1750.0,3.1233735705209655,66.4,37.403660625,0.2986181078270266,897
nwisca.01.02301322,7.7,162.09405044510385,246.45972997594052,7.12,6.64,120.5,3.1233735705209655,66.4,23.0,0.2985714719151845,898
nwisca.01.02302217,7.6,66.1,71.38333333333334,7.12,9.3,167.0,1.91,66.4,15.0,0.2985444338248094,899
nwisca.01.02101941,7.8,162.09405044510385,246.45972997594052,7.12,6.6,152.5,3.1233735705209655,66.4,21.0,0.2982955687603232,900
nwisca.01.02400189,7.949999999999999,309.0,441.97333333333336,7.12,114.0,1125.0,4.52,66.4,25.0,0.298295388752465,901
HPUL1EPA_WQX-LC-01:20230301:0936:FM:PS:,8.52,162.09405044510385,125.0,7.12,65.86257217573221,192.4,3.1233735705209655,66.4,14.0,0.29814409768682426,902
nwisca.01.02104680,8.15,299.0,464.6566666666667,7.12,115.0,1160.0,4.05,66.4,20.0,0.29811291748995034,903
CA_BVR-MC2:20210415:1122:FM:PS:0.13:Hanna,6.31,162.09405044510385,126.0,7.12,65.86257217573221,251.0,3.1233735705209655,66.4,0.0,0.2980725250623453,904
nwisca.01.02200691,7.85,107.0,396.585,7.12,47.0,406.0,7.28,66.4,32.0,0.29806482817508784,905
OVIWC-LP-SS-4-20230727-F,7.72,162.09405044510385,56.0,7.12,65.86257217573221,85.7,3.1233735705209655,66.4,21.69,0.2980621983880602,906
nwisca.01.02101467,7.15,195.0,195.705,7.12,40.7,627.5,3.1233735705209655,66.4,37.403660625,0.29804337547366283,907
nwisca.01.02200813,7.4,101.0,74.1,7.12,17.1,237.5,13.9,66.4,100.0,0.29801464151028356,908
nwisca.01.02105508,8.25,294.0,450.64000000000004,7.12,115.0,1125.0,3.83,66.4,18.0,0.2979081945589599,909
nwisca.01.02200818,7.7,162.0,126.67,7.12,36.3,404.0,6.74,66.4,37.403660625,0.2978983198086817,910
CA_BVR-SC1:20200211:0938:FM:PS:0.152:Hydro,7.47,162.09405044510385,0.3341,7.12,65.86257217573221,0.524,3.1233735705209655,66.4,7.7,0.29789326885864814,911
nwisca.01.02201181,7.775573846153846,185.0,119.16,7.12,46.4,392.0,6.58,66.4,34.0,0.2978479928269894,912
HPUL1EPA_WQX-SC-01:20230503:1524:FM:PS:,7.74,162.09405044510385,174.0,7.12,65.86257217573221,267.9,3.1233735705209655,66.4,21.2,0.29783800081758877,913
HPUL1EPA_WQX-LC-01:20230719:1020:FM:PS:,8.07,162.09405044510385,604.0,7.12,65.86257217573221,929.0,3.1233735705209655,66.4,17.3,0.29781940784690475,914
nwisca.01.02002465,7.65,203.0,285.8533333333333,7.12,64.7,692.5,6.08,66.4,37.403660625,0.2977654584303398,915
HPUL1EPA_WQX-SC-01:20230510:1407:FM:PS:,7.89,162.09405044510385,179.0,7.12,65.86257217573221,274.7,3.1233735705209655,66.4,19.1,0.29774565824356075,916
nwisca.01.02200562,6.4,162.09405044510385,246.45972997594052,7.12,3.19,62.0,3.1233735705209655,66.4,210.0,0.2977189132348334,917
OVIWC-LP-SS-3-20220831-F,8.28,162.09405044510385,241.0,7.12,65.86257217573221,371.1,3.1233735705209655,66.4,15.35,0.2976905976784968,918
nwisca.01.02103041,7.8,162.09405044510385,246.45972997594052,7.12,7.65,160.5,3.1233735705209655,66.4,20.0,0.2976233001573772,919
nwisca.01.02101946,7.8,162.09405044510385,246.45972997594052,7.12,13.7,239.0,3.1233735705209655,66.4,20.0,0.29759567950278054,920
nwisca.01.02303167,7.1,162.09405044510385,246.45972997594052,7.12,3.58,116.0,3.1233735705209655,66.4,36.0,0.29752525711740613,921
nwisca.01.02301330,7.2,162.09405044510385,246.45972997594052,7.12,2.97,91.5,3.1233735705209655,66.4,32.0,0.29749154444160913,922
nwisca.01.02201172,7.775573846153846,202.0,125.17,7.12,48.5,403.0,4.54,66.4,26.0,0.2973533344237442,923
HPUL1EPA_WQX-CD-01:20230329:1519:FM:PS:,7.71,162.09405044510385,100.0,7.12,65.86257217573221,154.1,3.1233735705209655,66.4,20.8,0.2973480339413024,924
nwisca.01.02002440,7.949999999999999,148.0,204.47333333333333,7.12,54.0,521.5,5.26,66.4,24.0,0.297336216287483,925
OVIWC-LP-SS-1-20230531-F,7.59,162.09405044510385,30.0,7.12,65.86257217573221,46.2,3.1233735705209655,66.4,22.05,0.29722617021211106,926
nwisca.01.02200821,7.85,66.8,1727.29,7.12,11.0,178.5,2.98,66.4,17.0,0.2972014669854,927
HPUL1EPA_WQX-SC-01:20230412:0949:FM:PS:,7.7,162.09405044510385,148.0,7.12,65.86257217573221,228.5,3.1233735705209655,66.4,20.7,0.2971634589863592,928
nwisca.01.02301306,7.9,78.6,56.075,7.12,13.1,180.0,8.56,66.4,28.0,0.29711084342993216,929
nwisca.01.02101655,7.9,72.7,954.7925,7.12,8.86,196.0,3.41,66.4,18.0,0.2971062576525844,930
HPUL1EPA_WQX-RS-01:20210609:1255:FM:PS:,9.29,162.09405044510385,220.0,7.12,65.86257217573221,338.5,3.1233735705209655,66.4,9.99,0.29707145613579056,931
nwisca.01.02306462,7.7,205.0,269.52333333333337,7.12,60.9,672.0,7.91,66.4,37.403660625,0.29704242901992206,932
nwisca.01.02303848,8.4,162.09405044510385,246.45972997594052,7.12,55.4,752.0,3.1233735705209655,66.4,14.0,0.29700098600656233,933
nwisca.01.02400086,7.35,44.1,67.71333333333332,7.12,15.5,168.0,2.6,66.4,19.0,0.29689988440225185,934
nwisca.01.02002491,7.85,49.7,844.78,7.12,4.85,134.0,1.68,66.4,11.0,0.29688723080090673,935
nwisca.01.02202070,8.0,294.0,450.97333333333336,7.12,117.0,1130.0,4.4,66.4,21.0,0.2968198292199583,936
OVIWC-LP-SS-3-20230531-F,7.89,162.09405044510385,203.0,7.12,65.86257217573221,311.8,3.1233735705209655,66.4,17.95,0.29679893493423454,937
nwisca.01.02200557,7.775573846153846,79.7,55.575,7.12,16.5,173.0,16.8,66.4,37.403660625,0.29671392517082157,938
nwisca.01.02302854,7.35,46.9,67.04666666666667,7.12,13.0,149.0,4.7,66.4,29.0,0.2965336798676119,939
nwisca.01.02400403,8.0,162.09405044510385,246.45972997594052,7.12,65.86257217573221,1120.0,4.0,66.4,19.0,0.29647014921612935,940
nwisca.01.02200861,8.5,162.09405044510385,246.45972997594052,7.12,63.4,863.5,3.1233735705209655,66.4,13.0,0.296366550559395,941
CA_BVR-SC1:20220308:1031:FM:PS:0.34:Hydro,7.84,162.09405044510385,0.444,7.12,65.86257217573221,0.6937,3.1233735705209655,66.4,8.0,0.29632188047117114,942
HPUL1EPA_WQX-MC-01:20230308:0825:FM:PS:,8.09,162.09405044510385,92.0,7.12,65.86257217573221,142.1,3.1233735705209655,66.4,15.6,0.2963147835117835,943
CA_BVR-FC3:20220525:1035:FM:PS:0.301:Hydro,6.93,162.09405044510385,0.2503,7.12,65.86257217573221,0.391,3.1233735705209655,66.4,6.7,0.29630862573422906,944
HPUL1EPA_WQX-AC-01:20230329:1511:FM:PS:,7.83,162.09405044510385,107.0,7.12,65.86257217573221,164.0,3.1233735705209655,66.4,17.9,0.2962488416911958,945
MORONGO1_WQX-H000120820,7.88,162.09405044510385,206.36,7.12,65.86257217573221,317.5,3.1233735705209655,66.4,17.32,0.296138839547453,946
nwisca.01.02300064,8.05,269.0,426.6233333333333,7.12,97.8,1090.0,5.95,66.4,22.0,0.2960991100005708,947
nwisca.01.02102979,7.6,50.3,193.2875,7.12,18.4,191.5,2.14,66.4,14.0,0.2960768466987674,948
nwisca.01.02301329,7.8,162.09405044510385,246.45972997594052,7.12,6.11,146.5,3.1233735705209655,66.4,18.0,0.2960730030589327,949
HPUL1EPA_WQX-MC-02:20230308:1535:FM:PS:,8.08,162.09405044510385,95.0,7.12,65.86257217573221,145.9,3.1233735705209655,66.4,15.4,0.29598788409811405,950
SYCEO_WQX-ZDC-7:20201028:0000:SR:,6.9,162.09405044510385,760.0,7.12,168.0,1240.0,3.1233735705209655,66.4,37.403660625,0.2958940072057447,951
OVIWC-LP-SS-3-20230925-F,7.92,162.09405044510385,215.0,7.12,65.86257217573221,330.7,3.1233735705209655,66.4,16.66,0.2958591945225308,952
SANPASQUAL-Lower Woods Valley Creek:12042020:12272020,7.53,162.09405044510385,470.0,7.12,8.5,338.4017245542537,7.59,66.4,37.403660625,0.2958471185189982,953
SANPASQUAL-SP-SW-PC-17-453,7.53,162.09405044510385,470.0,7.12,8.5,338.4017245542537,7.59,66.4,37.403660625,0.2958471185189982,953
nwisca.01.02200544,7.775573846153846,761.0,484.66,7.12,521.0,1310.0,13.3,66.4,37.403660625,0.2956829810823652,955
nwisca.01.02200545,7.775573846153846,728.0,470.14,7.12,511.0,1300.0,13.5,66.4,37.403660625,0.2956564184792047,956
MORONGO1_WQX-HE1101922,7.98,162.09405044510385,172.61,7.12,65.86257217573221,265.6,3.1233735705209655,66.4,15.83,0.2955318674549431,957
CA_BVR-FC3:20220411:0855:FM:PS:0.347:Hydro,7.02,162.09405044510385,0.2624,7.12,65.86257217573221,0.41,3.1233735705209655,66.4,6.7,0.2955271381618551,958
nwisca.01.02200812,7.6,118.0,86.115,7.12,20.1,275.0,11.1,66.4,37.403660625,0.2955061758424958,959
nwisca.01.02201192,7.775573846153846,92.9,66.59,7.12,18.2,208.0,6.79,66.4,25.0,0.2954533674651374,960
nwisca.01.02306110,7.75,60.6,91.06333333333333,7.12,23.0,238.0,2.4,66.4,14.0,0.2954326369624357,961
CA_BVR-AC4:20220421:1258:FM:PS:0.277:Hydro,7.98,162.09405044510385,0.2396,7.12,65.86257217573221,0.3743,3.1233735705209655,66.4,5.2,0.29531757335682074,962
21NEV1_WQX-7200892-L-0.000,7.775573846153846,162.09405044510385,1200.0,7.12,12.0,160.0,3.1233735705209655,66.4,17.0,0.2949265070053773,963
nwisca.01.02200815,6.9,115.0,75.1,7.12,13.9,247.5,20.9,66.4,600.0,0.294907120705915,964
HPUL1EPA_WQX-SC-01:20230426:1430:FM:PS:,7.77,162.09405044510385,167.0,7.12,65.86257217573221,256.2,3.1233735705209655,66.4,17.0,0.294844160925535,965
nwisca.01.02203342,8.1,319.0,465.99,7.12,116.0,1175.0,4.9,66.4,18.0,0.2947536796731173,966
nwisca.01.02205583,8.2,310.0,477.99666666666667,7.12,128.0,1190.0,4.3,66.4,16.0,0.29460349855025825,967
nwisca.01.02301308,7.775573846153846,80.7,77.05,7.12,13.8,155.0,7.91,66.4,24.0,0.2945752132331578,968
nwisca.01.02303168,7.2,162.09405044510385,246.45972997594052,7.12,3.25,94.0,3.1233735705209655,66.4,24.0,0.2945657463512708,969
nwisca.01.02200067,8.2,280.0,437.2966666666667,7.12,111.0,1070.0,3.74,66.4,15.0,0.2945530055389361,970
nwisca.01.02301197,7.55,72.0,110.07666666666667,7.12,29.9,275.0,6.36,66.4,26.0,0.2945272493934996,971
nwisca.01.02200539,7.2,162.09405044510385,246.45972997594052,7.12,11.4,199.0,3.1233735705209655,66.4,24.0,0.2944899853654908,972
HPUL1EPA_WQX-MC-04:20230802:1519:FM:PS:,7.77,162.09405044510385,177.0,7.12,65.86257217573221,272.3,3.1233735705209655,66.4,16.6,0.29444345571968544,973
HPUL1EPA_WQX-MC-03:20230301:1620:FM:PS:,7.69,162.09405044510385,101.0,7.12,65.86257217573221,155.4,3.1233735705209655,66.4,17.3,0.29443718714891665,974
CA_BVR-SHC2:20220503:1130:FM:PS:0.139:Hydro,8.22,162.09405044510385,0.1634,7.12,65.86257217573221,0.2553,3.1233735705209655,66.4,3.8,0.2944338140850589,975
HPUL1EPA_WQX-AC-01:20230308:0852:FM:PS:,8.0,162.09405044510385,117.0,7.12,65.86257217573221,180.0,3.1233735705209655,66.4,14.7,0.2943757391978872,976
nwisca.01.02200938,7.6,162.09405044510385,246.45972997594052,7.12,4.46,100.5,3.1233735705209655,66.4,18.0,0.29429699005538085,977
HPUL1EPA_WQX-CC-02:20230322:1355:FM:PS:,7.7,162.09405044510385,119.0,7.12,65.86257217573221,182.8,3.1233735705209655,66.4,16.9,0.29413131744637017,978
nwisca.01.02200936,7.8,162.09405044510385,246.45972997594052,7.12,4.96,138.0,3.1233735705209655,66.4,16.0,0.2941307610472593,979
MORONGO1_WQX-LMO012723,8.06,162.09405044510385,248.94,7.12,65.86257217573221,383.0,3.1233735705209655,66.4,14.08,0.29404120827194696,980
HPUL1EPA_WQX-MC-03:20230308:1547:FM:PS:,7.79,162.09405044510385,95.0,7.12,65.86257217573221,145.5,3.1233735705209655,66.4,16.0,0.29403481049512215,981
nwisca.01.02001396,7.4,162.09405044510385,246.45972997594052,7.12,65.86257217573221,538.0,3.1,66.4,20.0,0.29400228199502615,982
SANPASQUAL-SW-06-011723,7.15,162.09405044510385,790.0,7.12,65.86257217573221,338.4017245542537,7.79,66.4,48.0,0.2939439049455399,983
nwisca.01.02304959,7.7,38.0,45.36666666666667,7.12,4.03,89.0,1.58,66.4,9.6,0.29381341467673233,984
nwisca.01.02302429,7.85,133.0,190.13666666666668,7.12,44.5,478.5,3.9,66.4,17.0,0.29375694833055627,985
OVIWC-LP-SS-5-20230727-F,7.65,162.09405044510385,56.0,7.12,65.86257217573221,85.7,3.1233735705209655,66.4,16.87,0.2937309127995132,986
nwisca.01.02300445,7.550000000000001,79.3,130.42333333333332,7.12,32.4,347.0,6.02,66.4,24.0,0.29372698977940553,987
nwisca.01.02002492,7.95,81.2,1662.0675,7.12,35.1,350.5,2.02,66.4,11.0,0.293643735240595,988
OVIWC-LP-SS-3-20230223-F,8.49,162.09405044510385,317.0,7.12,65.86257217573221,488.3,3.1233735705209655,66.4,11.58,0.29364177683929293,989
nwisca.01.02304444,7.7,32.4,37.36,7.12,2.63,78.0,1.62,66.4,9.5,0.29363129057329934,990
HPUL1EPA_WQX-SC-01:20231108:1459:FM:PS:,7.31,162.09405044510385,329.0,7.12,65.86257217573221,506.0,3.1233735705209655,66.4,20.7,0.2935856105202501,991
nwisca.01.02303169,7.4,162.09405044510385,246.45972997594052,7.12,3.18,111.0,3.1233735705209655,66.4,19.0,0.29328627976292737,992
CA_BVR-MC2:20210311:0630:FM:PS:0.271:Hydro,7.55,162.09405044510385,0.1702,7.12,65.86257217573221,0.2659,3.1233735705209655,66.4,4.2,0.2932654492327555,993
nwisca.01.02304960,7.35,21.7,32.02333333333333,7.12,4.05,70.0,3.02,66.4,14.0,0.2931048328909075,994
HPUL1EPA_WQX-RS-01:20230926:0954:FM:PS:,7.17,162.09405044510385,239.0,7.12,65.86257217573221,367.8,3.1233735705209655,66.4,21.9,0.2930654113683035,995
HPUL1EPA_WQX-RS-01:20230301:1005:FM:PS:,7.76,162.09405044510385,123.0,7.12,65.86257217573221,189.5,3.1233735705209655,66.4,15.4,0.29305750889591753,996
HPUL1EPA_WQX-CC-02:20230329:1550:FM:PS:,7.7,162.09405044510385,141.0,7.12,65.86257217573221,217.3,3.1233735705209655,66.4,15.8,0.29296406352054094,997
OVIWC-LP-SS-2-20230531-F,8.5,162.09405044510385,202.0,7.12,65.86257217573221,310.2,3.1233735705209655,66.4,11.19,0.2929043295726812,998
POMO989_WQX-HAB:SHADY01:2020218:1102:F,7.73,162.09405044510385,0.2309,7.12,65.86257217573221,0.3608,3.1233735705209655,66.4,5.053,0.2928248023676122,999
LOSCOYOTESBANDOFCAHUILLACUPENO-LCC4_060121_GS,8.2,162.09405044510385,250.0,7.12,65.86257217573221,338.4017245542537,2.0,66.4,10.0,0.2927293225847043,1000
nwisca.01.02104117,7.7,162.09405044510385,246.45972997594052,7.12,65.86257217573221,835.0,8.72,66.4,24.0,0.29265475765433574,1001
nwisca.01.02200690,7.75,205.0,299.54,7.12,82.3,755.0,9.58,66.4,24.0,0.2926277584690264,1002
nwisca.01.02306109,7.8,46.6,51.370000000000005,7.12,4.01,118.5,1.59,66.4,9.1,0.2923316855765895,1003
nwisca.01.02101945,7.6,162.09405044510385,246.45972997594052,7.12,9.27,144.0,3.1233735705209655,66.4,16.0,0.29230850404791814,1004
HPUL1EPA_WQX-MC-04:20230308:1645:FM:PS:,7.77,162.09405044510385,103.0,7.12,65.86257217573221,158.8,3.1233735705209655,66.4,14.7,0.2922948404764156,1005
nwisca.01.02101654,8.05,258.0,1004.9925,7.12,188.0,1150.0,5.13,66.4,16.0,0.29216504054833725,1006
nwisca.01.02104839,7.800000000000001,34.8,86.52,7.12,4.76,104.0,1.72,66.4,9.2,0.2921549919267171,1007
nwisca.01.02301333,7.7,162.09405044510385,246.45972997594052,7.12,4.11,134.5,3.1233735705209655,66.4,15.0,0.2920554652327216,1008
OVIWC-LP-SS-4-20230531-F,7.84,162.09405044510385,32.0,7.12,65.86257217573221,48.7,3.1233735705209655,66.4,13.82,0.2919083173630307,1009
nwisca.01.02003065,7.9,299.0,419.95666666666665,7.12,93.1,1060.0,7.12,66.4,19.0,0.29182403442155075,1010
nwisca.01.02101944,7.8,162.09405044510385,246.45972997594052,7.12,7.37,157.0,3.1233735705209655,66.4,14.0,0.29161446056658524,1011
nwisca.01.02200942,7.8,162.09405044510385,246.45972997594052,7.12,10.9,225.0,3.1233735705209655,66.4,14.0,0.29158847908038565,1012
SANPASQUAL-SW-03-011723,6.96,162.09405044510385,430.0,7.12,65.86257217573221,338.4017245542537,8.0,66.4,44.0,0.291581595311977,1013
HPUL1EPA_WQX-RS-01:20230503:1545:FM:PS:,7.61,162.09405044510385,170.0,7.12,65.86257217573221,262.1,3.1233735705209655,66.4,15.2,0.2914344822161012,1014
nwisca.01.02201171,7.775573846153846,129.0,80.61,7.12,19.6,248.0,3.67,66.4,15.0,0.2914315033429435,1015
HPUL1EPA_WQX-CD-01:20230308:1558:FM:PS:,7.81,162.09405044510385,113.0,7.12,65.86257217573221,173.6,3.1233735705209655,66.4,13.8,0.2914067765296732,1016
21NEV1_WQX-7182544-L-0.000,7.775573846153846,162.09405044510385,110.0,7.12,6.2,140.0,3.1233735705209655,66.4,14.0,0.2914028436125202,1017
nwisca.01.02001863,8.05,73.7,1188.7925,7.12,10.1,197.0,2.61,66.4,11.0,0.29129736581241483,1018
OVIWC-LP-SS-3-20220628-F,8.24,162.09405044510385,236.0,7.12,65.86257217573221,362.4,3.1233735705209655,66.4,11.54,0.29129469097812993,1019
nwisca.01.02202391,8.149999999999999,295.0,441.6333333333334,7.12,113.0,1125.0,4.54,66.4,14.0,0.2912876042941318,1020
HPUL1EPA_WQX-SC-01:20231102:0840:FM:PS:,7.07,162.09405044510385,324.0,7.12,65.86257217573221,497.8,3.1233735705209655,66.4,20.1,0.2909997324809861,1021
OVIWC-LP-SS-2-20220518-F,8.7,162.09405044510385,238.0,7.12,65.86257217573221,366.6,3.1233735705209655,66.4,9.74,0.29098407360804995,1022
nwisca.01.02200862,8.1,162.09405044510385,246.45972997594052,7.12,58.1,859.0,3.1233735705209655,66.4,12.0,0.2909321918830506,1023
HPUL1EPA_WQX-MC-04:20230301:1220:FM:PS:,7.96,162.09405044510385,112.0,7.12,65.86257217573221,172.2,3.1233735705209655,66.4,12.6,0.29083522718301474,1024
HPUL1EPA_WQX-RS-01:20230308:1623:FM:PS:,7.37,162.09405044510385,101.0,7.12,65.86257217573221,155.6,3.1233735705209655,66.4,16.47,0.29071089204396544,1025
nwisca.01.02306461,7.35,201.0,268.18666666666667,7.12,59.9,679.0,13.8,66.4,31.0,0.29066185504825515,1026
nwisca.01.02301376,7.775573846153846,151.0,93.125,7.12,24.3,338.4017245542537,2.89,66.4,13.0,0.2906597537637867,1027
SANPASQUAL-21B0775-01,8.03,162.09405044510385,1200.0,7.12,65.86257217573221,338.4017245542537,3.69,66.4,13.0,0.2906038284311614,1028
nwisca.01.02301298,8.0,179.0,125.67,7.12,44.2,405.0,4.88,66.4,14.5,0.2904462408902357,1029
nwisnv.01.02300383,7.0,162.09405044510385,246.45972997594052,7.12,65.86257217573221,66.0,4.68,66.4,26.0,0.29042758216983505,1030
nwisca.01.02001552,8.0,146.0,524.875,7.12,78.6,623.5,3.04,66.4,12.0,0.29038700567712383,1031
nwisca.01.02305059,7.8,44.8,54.70666666666667,7.12,5.19,117.5,1.68,66.4,8.8,0.2903550601846735,1032
CA_BVR-SC1:20200302:0916:FM:PS:0.038:Hydro,7.61,162.09405044510385,0.3871,7.12,65.86257217573221,0.606,3.1233735705209655,66.4,6.7,0.2902435395580923,1033
nwisca.01.02003823,8.2,141.0,962.355,7.12,48.7,552.0,2.41,66.4,10.0,0.2902127545774097,1034
CA_BVR-FC2:20210302:0305:FM:PS:0.049:Hydro,7.94,162.09405044510385,0.2178,7.12,65.86257217573221,0.3403,3.1233735705209655,66.4,4.5,0.29016566352451634,1035
nwisca.01.02105044,8.25,290.0,474.3333333333333,7.12,121.0,1155.0,3.86,66.4,12.0,0.290059753429133,1036
HPUL1EPA_WQX-LC-01:20230329:1620:FM:PS:,7.95,162.09405044510385,136.0,7.12,65.86257217573221,209.1,3.1233735705209655,66.4,12.2,0.2900005878475088,1037
nwisca.01.02002264,8.5,162.09405044510385,246.45972997594052,7.12,50.7,912.0,1.6,66.4,7.5,0.28993151010556895,1038
CA_BVR-MC1:20210316:0932:FM:PS:0.279:Hydro,7.87,162.09405044510385,0.1681,7.12,65.86257217573221,0.2626,3.1233735705209655,66.4,3.8,0.2897823436953191,1039
HPUL1EPA_WQX-LC-01:20230308:1625:FM:PS:,7.95,162.09405044510385,109.0,7.12,65.86257217573221,167.3,3.1233735705209655,66.4,12.0,0.2896335184964229,1040
nwisca.01.02002948,7.9,263.0,366.92,7.12,79.7,929.0,6.61,66.4,16.0,0.28945042061222603,1041
OVIWC-LP-SS-4-20220518-F,8.64,162.09405044510385,240.0,7.12,65.86257217573221,368.9,3.1233735705209655,66.4,9.41,0.2894284433528862,1042
OVIWC-LP-SS-1-20220831-F,7.96,162.09405044510385,52.0,7.12,65.86257217573221,80.1,3.1233735705209655,66.4,11.75,0.289314913601106,1043
nwisca.01.02200814,7.0,100.0,67.59,7.12,13.1,220.5,17.0,66.4,37.403660625,0.2892970732373099,1044
HPUL1EPA_WQX-MC-02:20230301:1600:FM:PS:,7.79,162.09405044510385,103.0,7.12,65.86257217573221,157.8,3.1233735705209655,66.4,12.6,0.2892969251660111,1045
nwisca.01.02200937,7.7,162.09405044510385,246.45972997594052,7.12,4.55,130.0,3.1233735705209655,66.4,13.0,0.2891820157903424,1046
HPUL1EPA_WQX-MC-04:20220105:1603:FM:PS:,7.45,162.09405044510385,88.0,7.12,65.86257217573221,136.1,3.1233735705209655,66.4,14.5,0.2891367306595493,1047
HPUL1EPA_WQX-AC-01:20230215:1408:FM:PS:,7.75,162.09405044510385,186.0,7.12,65.86257217573221,286.6,3.1233735705209655,66.4,12.7,0.28907014058177816,1048
HPUL1EPA_WQX-LC-01:20230315:0944:FM:PS:,8.25,162.09405044510385,123.0,7.12,65.86257217573221,189.1,3.1233735705209655,66.4,10.5,0.2890122050099541,1049
HPUL1EPA_WQX-AC-01:20230301:1634:FM:PS:,7.7,162.09405044510385,130.0,7.12,65.86257217573221,199.3,3.1233735705209655,66.4,12.8,0.28880877531743715,1050
OVIWC-LP-SS-3-20220929-F,8.26,162.09405044510385,249.0,7.12,65.86257217573221,382.5,3.1233735705209655,66.4,10.38,0.288758189768478,1051
SANPASQUAL-SW-07-040323,7.98,162.09405044510385,810.0,7.12,65.86257217573221,338.4017245542537,5.71,66.4,14.0,0.28873765383314065,1052
nwisca.01.02203489,8.149999999999999,305.0,450.31333333333333,7.12,107.0,1130.0,4.16,66.4,12.0,0.28855366670565763,1053
HPUL1EPA_WQX-RS-01:20230830:0822:FM:PS:,7.1,162.09405044510385,235.0,7.12,65.86257217573221,362.0,3.1233735705209655,66.4,16.8,0.28854142629475504,1054
nwisca.01.02004208,8.1,136.0,596.3525,7.12,50.4,528.0,2.41,66.4,9.7,0.2884708068801314,1055
HPUL1EPA_WQX-SC-01:20220105:1630:FM:PS:,8.24,162.09405044510385,66.0,7.12,65.86257217573221,101.0,3.1233735705209655,66.4,10.2,0.2881978403627996,1056
HPUL1EPA_WQX-SC-01:20230607:1345:FM:PS:,7.79,162.09405044510385,189.0,7.12,65.86257217573221,290.1,3.1233735705209655,66.4,12.0,0.28814482294461524,1057
nwisca.01.02201165,7.775573846153846,156.0,246.45972997594052,7.12,34.6,312.0,5.86,66.4,15.0,0.2881112672766653,1058
nwisca.01.02003415,7.8,162.09405044510385,246.45972997594052,7.12,65.86257217573221,141.0,1.7,66.4,8.8,0.28804144486290617,1059
nwisca.01.02203939,8.25,294.0,429.63000000000005,7.12,97.1,1100.0,3.95,66.4,11.0,0.28774749345647116,1060
HPUL1EPA_WQX-SC-01:20230517:1546:FM:PS:,7.54,162.09405044510385,185.0,7.12,65.86257217573221,283.9,3.1233735705209655,66.4,13.0,0.2876711886466864,1061
nwisca.01.02002489,8.7,162.09405044510385,246.45972997594052,7.12,23.4,525.5,3.1233735705209655,66.4,8.7,0.28753032968127773,1062
nwisca.01.02202787,7.800000000000001,147.0,212.15,7.12,65.9,528.5,9.64,66.4,16.0,0.2874739101760492,1063
nwisca.01.02001426,7.9,162.09405044510385,246.45972997594052,7.12,65.86257217573221,176.0,1.9,66.4,8.9,0.28738252519212343,1064
HPUL1EPA_WQX-AC-01:20220105:1515:FM:PS:,8.08,162.09405044510385,86.0,7.12,65.86257217573221,132.2,3.1233735705209655,66.4,10.4,0.28724060270887014,1065
OVIWC-LP-SS-5-20220518-F,8.49,162.09405044510385,240.0,7.12,65.86257217573221,369.5,3.1233735705209655,66.4,9.1,0.28704928588817413,1066
nwisca.01.02101933,7.949999999999999,172.0,637.65,7.12,98.0,752.5,3.24,66.4,11.0,0.28704509213881146,1067
nwisca.01.02001804,7.95,64.3,1216.2875,7.12,8.84,172.0,1.78,66.4,8.1,0.2870264945698004,1068
MORONGO1_WQX-LMO080823,8.39,162.09405044510385,230.0,7.12,65.86257217573221,354.3,3.1233735705209655,66.4,9.34,0.28693381798360845,1069
HPUL1EPA_WQX-RS-01:20230412:1025:FM:PS:,7.74,162.09405044510385,138.0,7.12,65.86257217573221,211.9,3.1233735705209655,66.4,11.6,0.28690141281043674,1070
nwisca.01.02200816,6.8,125.0,85.615,7.12,17.0,280.5,21.8,66.4,37.403660625,0.2868094775126481,1071
MORONGO1_WQX-M001122221,8.59,162.09405044510385,271.42,7.12,65.86257217573221,417.6,3.1233735705209655,66.4,8.77,0.2867943087955229,1072
OVIWC-LP-SS-1-20230925-F,7.69,162.09405044510385,42.0,7.12,65.86257217573221,64.9,3.1233735705209655,66.4,11.67,0.28673618308390453,1073
OVIWC-LP-SS-3-20220428-F,8.42,162.09405044510385,241.0,7.12,65.86257217573221,370.1,3.1233735705209655,66.4,9.19,0.2867147320025405,1074
nwisca.01.02303555,7.55,35.0,47.36333333333334,7.12,8.61,121.5,3.17,66.4,11.0,0.28664068124133524,1075
nwisca.01.02100873,8.100000000000001,321.0,468.65333333333336,7.12,115.0,1155.0,24.4,66.4,15.0,0.2866112790120558,1076
nwisca.01.02102031,8.1,191.0,617.925,7.12,113.0,890.0,3.96,66.4,11.0,0.28660312857220954,1077
CA_BVR-AC2:20220520:1020:FM:PS:0.12:Hydro,7.56,162.09405044510385,0.2598,7.12,65.86257217573221,0.4059,3.1233735705209655,66.4,5.0,0.2865344210379403,1078
nwisca.01.02101940,7.6,162.09405044510385,246.45972997594052,7.12,15.4,158.5,3.1233735705209655,66.4,12.0,0.286456179455384,1079
HPUL1EPA_WQX-MC-04:20220323:1050:FM:PS:,9.66,162.09405044510385,159.0,7.12,65.86257217573221,245.3,3.1233735705209655,66.4,6.66,0.2864112029129317,1080
SANPASQUAL-SW-03-040323,7.83,162.09405044510385,840.0,7.12,65.86257217573221,338.4017245542537,5.18,66.4,13.0,0.28638470909009084,1081
nwisca.01.02301372,7.775573846153846,169.0,103.14,7.12,27.2,338.4017245542537,3.74,66.4,12.0,0.2863487520927339,1082
nwisca.01.02301371,7.8,140.0,89.62,7.12,23.9,271.0,3.1233735705209655,66.4,11.0,0.28623931335102687,1083
HPUL1EPA_WQX-CD-01:20220323:1056:FM:PS:,8.42,162.09405044510385,238.0,7.12,65.86257217573221,365.5,3.1233735705209655,66.4,9.0,0.28607083116571025,1084
nwisca.01.02200542,6.9,162.09405044510385,246.45972997594052,7.12,10.6,153.5,3.1233735705209655,66.4,16.0,0.2859390668563774,1085
nwisca.01.02200541,7.3,162.09405044510385,246.45972997594052,7.12,10.4,193.0,3.1233735705209655,66.4,13.0,0.28551176171954273,1086
HPUL1EPA_WQX-RS-01:20230607:1030:FM:PS:,7.16,162.09405044510385,176.0,7.12,65.86257217573221,271.4,3.1233735705209655,66.4,13.8,0.2854696689490481,1087
nwisca.01.02102009,8.05,278.0,394.6033333333333,7.12,95.0,994.0,6.0,66.4,12.0,0.28541667962626427,1088
HPUL1EPA_WQX-AC-01:20230621:0836:FM:PS:,7.11,162.09405044510385,208.0,7.12,65.86257217573221,320.0,3.1233735705209655,66.4,13.8,0.2850075705951843,1089
HPUL1EPA_WQX-CD-01:20220105:1650:FM:PS:,8.47,162.09405044510385,91.0,7.12,65.86257217573221,140.0,3.1233735705209655,66.4,8.55,0.2849445053893399,1090
nwisca.01.02302262,7.5,66.3,100.73666666666666,7.12,26.7,246.0,3.84,66.4,12.0,0.2848236938393984,1091
nwisca.01.02101284,7.8,292.0,451.65000000000003,7.12,118.0,1135.0,6.3,66.4,13.0,0.2846737017756702,1092
CA_BVR-FC2:20220411:0842:FM:PS:0.214:Hydro,7.82,162.09405044510385,0.3111,7.12,65.86257217573221,0.4861,3.1233735705209655,66.4,5.1,0.28451191667306386,1093
HPUL1EPA_WQX-SC-01:20231122:0902:FM:PS:,6.94,162.09405044510385,329.0,7.12,65.86257217573221,505.0,3.1233735705209655,66.4,14.5,0.2844279240277178,1094
nwisca.01.02002494,7.6,162.09405044510385,246.45972997594052,7.12,32.1,113.0,3.1233735705209655,66.4,11.0,0.28436546735912754,1095
OVIWC-LP-SS-1-20230223-F,8.05,162.09405044510385,115.0,7.12,65.86257217573221,176.6,3.1233735705209655,66.4,9.47,0.28429350876099724,1096
nwisca.01.02304265,7.5,29.0,38.36,7.12,5.55,81.0,2.88,66.4,9.6,0.284262073290375,1097
OVIWC-LP-SS-3-20230727-F,7.72,162.09405044510385,111.0,7.12,65.86257217573221,170.8,3.1233735705209655,66.4,10.42,0.283996570423859,1098
nwisca.01.02302216,7.6,112.0,168.45000000000002,7.12,53.1,441.5,4.41,66.4,12.0,0.28387971399932016,1099
nwisca.01.02308050,7.2,162.09405044510385,246.45972997594052,7.12,65.86257217573221,64.0,2.86,66.4,12.0,0.2838536503395126,1100
HPUL1EPA_WQX-MC-02:20230816:1022:FM:PS:,6.83,162.09405044510385,159.0,7.12,65.86257217573221,245.3,3.1233735705209655,66.4,14.8,0.2838483446000734,1101
nwisca.01.02200811,7.4,125.0,92.625,7.12,23.1,298.0,10.2,66.4,16.0,0.28383597706217323,1102
LOSCOYOTESBANDOFCAHUILLACUPENO-LCC1_040121_GS,8.0,162.09405044510385,680.0,7.12,65.86257217573221,338.4017245542537,6.0,66.4,11.0,0.28319447409985576,1103
HPUL1EPA_WQX-RS-01:20231004:0911:FM:PS:,7.96,162.09405044510385,243.0,7.12,65.86257217573221,373.3,3.1233735705209655,66.4,9.38,0.2831508568880482,1104
nwisca.01.02205027,8.5,326.0,466.31333333333333,7.12,113.0,1215.0,4.23,66.4,8.8,0.28308494506784476,1105
nwisca.01.02102696,8.05,288.0,419.29333333333335,7.12,102.0,971.0,6.38,66.4,11.0,0.2829701794917013,1106
LOSCOYOTESBANDOFCAHUILLACUPENO-LCC2_040121_GS,8.0,162.09405044510385,300.0,7.12,65.86257217573221,338.4017245542537,4.2,66.4,10.0,0.2828444740998558,1107
HPUL1EPA_WQX-CD-01:20230301:1646:FM:PS:,7.57,162.09405044510385,127.0,7.12,65.86257217573221,195.2,3.1233735705209655,66.4,10.49,0.28280268993083746,1108
HPUL1EPA_WQX-RS-01:20220323:0930:FM:PS:,7.38,162.09405044510385,175.0,7.12,65.86257217573221,268.5,3.1233735705209655,66.4,11.2,0.2827516501805332,1109
nwisca.01.02204103,8.25,276.0,419.6233333333333,7.12,95.7,1085.0,4.15,66.4,9.3,0.28273914040356984,1110
nwisca.01.02200491,7.949999999999999,288.0,433.9666666666667,7.12,112.0,1105.0,2.45,66.4,8.6,0.2826869662540264,1111
nwisca.01.02101932,8.05,76.5,946.795,7.12,9.35,203.5,2.58,66.4,8.2,0.2826611628702723,1112
nwisca.01.02103042,7.7,162.09405044510385,246.45972997594052,7.12,13.0,258.0,3.1233735705209655,66.4,10.0,0.2826574297438307,1113
nwisca.01.02201176,7.775573846153846,128.0,84.615,7.12,27.0,273.0,5.11,66.4,11.0,0.2822693405357485,1114
nwisca.01.02001969,7.7,162.09405044510385,246.45972997594052,7.12,65.86257217573221,206.0,2.14,66.4,8.4,0.281859169129841,1115
HPUL1EPA_WQX-SC-01:20231128:0907:FM:PS:,7.46,162.09405044510385,328.0,7.12,65.86257217573221,505.0,3.1233735705209655,66.4,10.48,0.2817347571656249,1116
HPUL1EPA_WQX-RS-01:20230531:1000:FM:PS:,7.26,162.09405044510385,175.0,7.12,65.86257217573221,269.5,3.1233735705209655,66.4,11.2,0.28166055456585254,1117
CA_BVR-FC3:20220401:1040:FM:PS:0.3:Hydro,7.04,162.09405044510385,0.2633,7.12,65.86257217573221,0.4115,3.1233735705209655,66.4,5.0,0.2813546297636109,1118
HPUL1EPA_WQX-RS-01:20230510:1438:FM:PS:,7.63,162.09405044510385,167.0,7.12,65.86257217573221,256.7,3.1233735705209655,66.4,9.75,0.2813021002706069,1119
nwisca.01.02001976,6.7,162.09405044510385,246.45972997594052,7.12,65.86257217573221,206.0,2.05,66.4,11.0,0.28129298406120545,1120
nwisca.01.02002316,8.0,162.09405044510385,246.45972997594052,7.12,65.86257217573221,566.0,5.13,66.4,9.9,0.28121566780990603,1121
HPUL1EPA_WQX-MC-01:20230301:1405:FM:PS:,8.08,162.09405044510385,101.0,7.12,65.86257217573221,156.0,3.1233735705209655,66.4,8.5,0.2811961804756571,1122
OVIWC-LP-SS-4-20220714-F,8.51,162.09405044510385,239.0,7.12,65.86257217573221,367.7,3.1233735705209655,66.4,7.56,0.28095228410506035,1123
MORONGO1_WQX-HW1072920,8.0,162.09405044510385,197.69,7.12,65.86257217573221,304.1,3.1233735705209655,66.4,8.62,0.28088616869585964,1124
MORONGO1_WQX-LMO042722,8.04,162.09405044510385,238.29,7.12,65.86257217573221,366.6,3.1233735705209655,66.4,8.49,0.28074397231724524,1125
HPUL1EPA_WQX-MC-04:20230808:1310:FM:PS:,6.94,162.09405044510385,191.0,7.12,65.86257217573221,294.3,3.1233735705209655,66.4,12.0,0.28041688624720457,1126
HPUL1EPA_WQX-MC-04:20231102:0923:FM:PS:,7.19,162.09405044510385,172.0,7.12,65.86257217573221,265.0,3.1233735705209655,66.4,10.9,0.28033573927532196,1127
MORONGO1_WQX-MCN102921,8.47,162.09405044510385,281.79,7.12,65.86257217573221,433.5,3.1233735705209655,66.4,7.47,0.2801360499352264,1128
nwisca.01.02001425,7.7,162.09405044510385,246.45972997594052,7.12,65.86257217573221,180.0,2.0,66.4,7.7,0.27984039539549826,1129
nwisca.01.02001160,7.9,68.6,1038.785,7.12,9.57,182.0,1.78,66.4,6.8,0.2798218052398187,1130
nwisca.01.02003057,8.1,162.09405044510385,246.45972997594052,7.12,65.86257217573221,163.0,2.1,66.4,7.1,0.2796727752212271,1131
HPUL1EPA_WQX-CC-02:20230524:1430:FM:PS:,7.72,162.09405044510385,169.0,7.12,65.86257217573221,259.9,3.1233735705209655,66.4,8.84,0.2791580962535114,1132
nwisca.01.02001209,7.95,155.0,531.885,7.12,86.6,661.5,3.32,66.4,8.4,0.27900770477236814,1133
nwisca.01.02100976,8.0,208.0,603.1775,7.12,119.0,876.0,2.95,66.4,8.0,0.278739608227621,1134
nwisca.01.02301311,7.775573846153846,96.2,69.46333333333334,7.12,17.7,222.0,6.67,66.4,10.0,0.27865336125459284,1135
nwisca.01.02004378,7.85,45.7,659.025,7.12,3.31,116.0,3.1233735705209655,66.4,7.8,0.2781957762101548,1136
nwisca.01.02001978,8.0,94.5,2431.33,7.12,47.2,409.0,2.63,66.4,7.4,0.27792779869974166,1137
CA_BVR-FC2:20200211:0925:FM:PS:0.152:Hydro,7.52,162.09405044510385,0.1935,7.12,65.86257217573221,0.302,3.1233735705209655,66.4,3.7,0.27789999432330037,1138
nwisca.01.02303847,8.5,162.09405044510385,246.45972997594052,7.12,57.7,776.0,3.1233735705209655,66.4,7.0,0.27787380753287816,1139
nwisca.01.02200820,7.75,122.0,404.85,7.12,55.5,476.0,5.97,66.4,9.7,0.2777794217343777,1140
nwisca.01.02001977,8.05,71.5,1045.0425,7.12,10.1,193.0,2.34,66.4,6.9,0.27756197007365496,1141
CA_BVR-AC2:20220308:1048:FM:PS:0.272:Hydro,7.55,162.09405044510385,0.2251,7.12,65.86257217573221,0.3517,3.1233735705209655,66.4,4.0,0.2775429366345536,1142
nwisca.01.02102103,7.8,162.09405044510385,246.45972997594052,7.12,9.39,159.5,3.1233735705209655,66.4,8.2,0.2774415103159177,1143
nwisca.01.02100075,7.85,54.0,221.5425,7.12,19.4,216.5,2.36,66.4,7.1,0.2773531167024613,1144
nwisca.01.02101015,6.8,162.09405044510385,246.45972997594052,7.12,27.8,57.0,3.1233735705209655,66.4,11.0,0.27721008708220835,1145
nwisca.01.02200547,8.2,207.0,135.185,7.12,64.6,422.0,5.13,66.4,8.2,0.2769957586505185,1146
nwisca.01.02002747,7.8,52.7,610.78,7.12,4.67,134.5,0.86,66.4,4.5,0.2769321857437005,1147
nwisca.01.02305187,7.800000000000001,38.1,44.699999999999996,7.12,3.16,98.0,1.68,66.4,6.1,0.2767744949307486,1148
nwisca.01.02001419,7.8,162.09405044510385,246.45972997594052,7.12,65.86257217573221,208.0,2.3,66.4,7.3,0.2767346106364837,1149
MORONGO1_WQX-H000102720,7.79,162.09405044510385,227.99,7.12,65.86257217573221,350.8,3.1233735705209655,66.4,8.06,0.2767102836892585,1150
nwisca.01.02303827,8.5,162.09405044510385,246.45972997594052,7.12,72.1,983.0,3.1233735705209655,66.4,6.8,0.27669157348016016,1151
OVIWC-LP-SS-5-20220714-F,8.47,162.09405044510385,239.0,7.12,65.86257217573221,367.4,3.1233735705209655,66.4,6.79,0.2763811012127229,1152
nwisca.01.02101336,7.0,162.09405044510385,246.45972997594052,7.12,15.4,184.5,3.1233735705209655,66.4,10.0,0.2763146338982507,1153
nwisca.01.02303203,7.8,123.0,78.605,7.12,21.9,245.0,3.1233735705209655,66.4,7.8,0.2759101160064914,1154
nwisca.01.02300443,7.6,61.7,68.38,7.12,6.02,166.0,2.93,66.4,7.8,0.27580852276455414,1155
CA_BVR-FC1:20210316:1045:FM:PS:0.099:Hydro,7.64,162.09405044510385,0.1459,7.12,65.86257217573221,0.228,3.1233735705209655,66.4,3.0,0.2758070296659404,1156
HPUL1EPA_WQX-RS-01:20230621:0944:FM:PS:,7.37,162.09405044510385,199.0,7.12,65.86257217573221,305.9,3.1233735705209655,66.4,8.76,0.27567869010731405,1157
HPUL1EPA_WQX-RS-01:20230703:0724:FM:PS:,7.26,162.09405044510385,200.0,7.12,65.86257217573221,307.5,3.1233735705209655,66.4,8.98,0.2754629282950955,1158
MORONGO1_WQX-HE1021120,7.97,162.09405044510385,163.49,7.12,65.86257217573221,251.5,3.1233735705209655,66.4,7.42,0.27536009274751627,1159
nwisca.01.02206781,7.4,162.09405044510385,246.45972997594052,7.12,65.86257217573221,65.0,3.22,66.4,8.6,0.2752232952388467,1160
MORONGO1_WQX-HW1071322,8.08,162.09405044510385,204.76,7.12,65.86257217573221,315.0,3.1233735705209655,66.4,7.17,0.27503116995180155,1161
nwisca.01.02001400,7.3,162.09405044510385,246.45972997594052,7.12,65.86257217573221,412.0,4.4,66.4,9.6,0.27497162956311055,1162
nwisca.01.02002748,7.85,63.8,1348.3,7.12,21.7,249.5,1.84,66.4,6.2,0.2749321688862431,1163
nwisca.01.02102102,8.1,162.09405044510385,246.45972997594052,7.12,7.02,172.0,3.1233735705209655,66.4,7.1,0.2748629081034174,1164
HPUL1EPA_WQX-CC-02:20230301:1245:FM:PS:,7.84,162.09405044510385,153.0,7.12,65.86257217573221,235.3,3.1233735705209655,66.4,7.55,0.27483288599825456,1165
nwisca.01.02400449,7.3,162.09405044510385,246.45972997594052,7.12,65.86257217573221,157.0,2.28,66.4,7.8,0.274790821475525,1166
CA_BVR-FC1:20200302:0852:FM:PS:0.068:Hydro,7.16,162.09405044510385,0.2362,7.12,65.86257217573221,0.3471,3.1233735705209655,66.4,4.0,0.2745060724179844,1167
MORONGO1_WQX-HE1080823,7.97,162.09405044510385,189.0,7.12,65.86257217573221,291.4,3.1233735705209655,66.4,7.22,0.274305563508675,1168
nwisca.01.02001208,7.65,212.0,296.87333333333333,7.12,70.5,732.5,5.24,66.4,8.8,0.27417381855113904,1169
nwisca.01.02100495,8.05,171.0,446.1375,7.12,78.6,697.0,2.85,66.4,6.9,0.27410865781052,1170
HPUL1EPA_WQX-MC-03:20230405:1137:FM:PS:,7.82,162.09405044510385,102.0,7.12,65.86257217573221,156.2,3.1233735705209655,66.4,7.41,0.27397818231980997,1171
nwisca.01.02103038,8.0,162.09405044510385,246.45972997594052,7.12,7.13,172.5,3.1233735705209655,66.4,7.1,0.2739535897423548,1172
HPUL1EPA_WQX-RS-01:20231122:0829:FM:PS:,7.25,162.09405044510385,236.0,7.12,65.86257217573221,362.3,3.1233735705209655,66.4,8.55,0.2737944428127638,1173
nwisca.01.02004377,8.1,170.0,761.6325,7.12,70.2,680.5,2.35,66.4,6.4,0.27369151438424466,1174
nwisca.01.02001777,7.9,162.09405044510385,246.45972997594052,7.12,65.86257217573221,241.0,2.4,66.4,6.7,0.2736358311498381,1175
HPUL1EPA_WQX-AC-01:20220323:1140:FM:PS:,9.25,162.09405044510385,239.0,7.12,65.86257217573221,367.5,3.1233735705209655,66.4,5.47,0.2735030439164341,1176
nwisca.01.02300285,7.5,200.0,288.2033333333333,7.12,58.5,747.0,11.9,66.4,10.0,0.27338162174902814,1177
OVIWC-LP-SS-5-20220929-F,8.27,162.09405044510385,248.0,7.12,65.86257217573221,382.1,3.1233735705209655,66.4,6.59,0.2733077655319577,1178
HPUL1EPA_WQX-LC-01:20230215:1647:FM:PS:,8.2,162.09405044510385,286.0,7.12,65.86257217573221,440.5,3.1233735705209655,66.4,6.66,0.2731140934002916,1179
nwisca.01.02002266,8.5,162.09405044510385,246.45972997594052,7.12,45.3,878.0,2.3,66.4,5.8,0.27311131858313015,1180
nwisca.01.02001423,7.7,162.09405044510385,246.45972997594052,7.12,65.86257217573221,172.0,2.1,66.4,6.6,0.2730391210876356,1181
nwisca.01.02001424,7.7,162.09405044510385,246.45972997594052,7.12,65.86257217573221,190.0,2.1,66.4,6.6,0.2730316869995083,1182
nwisca.01.02103094,7.8,94.8,228.325,7.12,36.1,388.5,1.93,66.4,6.2,0.27301804089746806,1183
CA_BVR-FC1:20210329:0955:FM:PS:0.044:Hydro,7.41,162.09405044510385,0.2018,7.12,65.86257217573221,0.3153,3.1233735705209655,66.4,3.6,0.2729089361057707,1184
nwisca.01.02100773,7.9,179.0,293.87,7.12,93.3,752.0,3.35,66.4,7.2,0.27279082088730044,1185
MORONGO1_WQX-BC1012723,7.83,162.09405044510385,382.0,7.12,65.86257217573221,587.7,3.1233735705209655,66.4,7.17,0.2727385608589037,1186
HPUL1EPA_WQX-RS-01:20231108:1437:FM:PS:,7.31,162.09405044510385,241.0,7.12,65.86257217573221,371.4,3.1233735705209655,66.4,8.14,0.2726865426578032,1187
nwisca.01.02001398,7.3,162.09405044510385,246.45972997594052,7.12,65.86257217573221,391.0,3.8,66.4,8.6,0.2726811231240857,1188
nwisca.01.02201612,7.85,93.5,322.8225,7.12,42.2,369.0,2.87,66.4,6.8,0.2722583915047172,1189
NARS_WQX-242920_2324,7.66,162.09405044510385,246.45972997594052,7.12,15.6,338.4017245542537,2.75,66.4,7.1,0.2721631894220922,1190
nwisca.01.02004207,7.949999999999999,67.1,994.5375,7.12,5.61,177.5,1.64,66.4,5.5,0.2720472873011103,1191
HPUL1EPA_WQX-CD-01:20230621:0846:FM:PS:,7.4,162.09405044510385,150.0,7.12,65.86257217573221,231.3,3.1233735705209655,66.4,7.8,0.2720246573901174,1192
CA_BVR-MC1:20210311:0704:FM:PS:0.174:Hydro,7.43,162.09405044510385,0.128,7.12,65.86257217573221,0.2001,3.1233735705209655,66.4,2.7,0.2717629558097266,1193
HPUL1EPA_WQX-RS-01:20230426:1000:FM:PS:,7.85,162.09405044510385,166.0,7.12,65.86257217573221,255.5,3.1233735705209655,66.4,6.93,0.27159538750949086,1194
nwisca.01.02003355,7.7,162.09405044510385,246.45972997594052,7.12,65.86257217573221,329.0,3.0,66.4,7.1,0.2715946322199913,1195
nwisca.01.02001427,8.1,162.09405044510385,246.45972997594052,7.12,53.9,905.0,1.7,66.4,5.5,0.27156290799807825,1196
HPUL1EPA_WQX-LC-01:20231122:0841:FM:PS:,6.97,162.09405044510385,112.0,7.12,65.86257217573221,171.9,3.1233735705209655,66.4,8.44,0.2708626715769873,1197
HPUL1EPA_WQX-RS-01:20230712:0859:FM:PS:,7.24,162.09405044510385,206.0,7.12,65.86257217573221,316.1,3.1233735705209655,66.4,7.83,0.2706922413323809,1198
nwisca.01.02001776,7.8,162.09405044510385,246.45972997594052,7.12,65.86257217573221,220.0,2.3,66.4,6.3,0.27063191922384383,1199
nwisca.01.02303545,8.7,162.09405044510385,246.45972997594052,7.12,23.9,459.5,3.1233735705209655,66.4,5.7,0.27056487179723565,1200
nwisca.01.02300539,7.8,207.0,302.2,7.12,83.7,790.0,6.19,66.4,7.7,0.27009511078780135,1201
OVIWC-LP-SS-5-20230531-F,7.02,162.09405044510385,32.0,7.12,65.86257217573221,49.5,3.1233735705209655,66.4,8.04,0.2698579045736983,1202
nwisca.01.02002282,8.0,162.09405044510385,246.45972997594052,7.12,65.86257217573221,175.0,1.7,66.4,5.4,0.2697715845466739,1203
nwisca.01.02001775,7.9,162.09405044510385,246.45972997594052,7.12,65.86257217573221,278.0,2.5,66.4,6.2,0.26973878018475944,1204
OVIWC-LP-SS-2-20220714-F,8.65,162.09405044510385,239.0,7.12,65.86257217573221,367.7,3.1233735705209655,66.4,5.65,0.26968216828184716,1205
CA_BVR-KC1:20210316:0125:FM:PS:0.234:Hydro,8.09,162.09405044510385,0.1368,7.12,65.86257217573221,0.2138,3.1233735705209655,66.4,2.6,0.26944504756109733,1206
nwisca.01.02003787,7.8,162.09405044510385,246.45972997594052,7.12,65.86257217573221,158.0,1.5,66.4,5.3,0.2693973034819067,1207
MORONGO1_WQX-M003121423,8.69,162.09405044510385,243.0,7.12,65.86257217573221,374.3,3.1233735705209655,66.4,5.54,0.2690594061479871,1208
nwisca.01.02002315,7.7,162.09405044510385,246.45972997594052,7.12,65.86257217573221,148.0,3.78,66.4,7.0,0.2689618990134019,1209
nwisca.01.02100381,8.0,162.09405044510385,246.45972997594052,7.12,65.86257217573221,160.0,1.7,66.4,5.3,0.2687987312249458,1210
HPUL1EPA_WQX-CC-02:20230308:1655:FM:PS:,7.7,162.09405044510385,118.0,7.12,65.86257217573221,181.2,3.1233735705209655,66.4,6.67,0.268675629531816,1211
CA_BVR-SC1:20200109:0926:FM:PS:0.043:Hydro,7.13,162.09405044510385,0.3222,7.12,65.86257217573221,0.5037,3.1233735705209655,66.4,4.4,0.2685190093416987,1212
nwisca.01.02003337,8.7,162.09405044510385,246.45972997594052,7.12,65.86257217573221,229.0,2.7,66.4,5.3,0.2684267105517949,1213
SANPASQUAL-Lower Woods Valley Creek:03172020:04172020,7.79,162.09405044510385,1100.0,7.12,0.0,338.4017245542537,3.1233735705209655,66.4,6.5,0.26835933600319145,1214
nwisca.01.02301342,7.7,155.0,105.145,7.12,49.8,324.0,3.1233735705209655,66.4,6.6,0.26823311228765856,1215
SANTAROSA-SL-1:202207111142:SR,7.3,162.09405044510385,26.0,7.12,1.7,338.4017245542537,1.9,66.4,6.2,0.26816609523480467,1216
HPUL1EPA_WQX-MC-02:20230405:1120:FM:PS:,7.75,162.09405044510385,101.0,7.12,65.86257217573221,154.7,3.1233735705209655,66.4,6.48,0.2679098704909794,1217
OVIWC-LP-SS-2-20230925-F,7.77,162.09405044510385,215.0,7.12,65.86257217573221,330.2,3.1233735705209655,66.4,6.45,0.26784398256081776,1218
nwisca.01.02204452,8.4,294.0,444.6433333333334,7.12,107.0,1125.0,4.4,66.4,6.1,0.2678297822416335,1219
OVIWC-LP-SS-2-20220831-F,7.92,162.09405044510385,239.0,7.12,65.86257217573221,368.4,3.1233735705209655,66.4,6.24,0.26773982952123687,1220
CA_BVR-FC1:20200211:0917:FM:PS:0.152:Hydro,7.2,162.09405044510385,0.186,7.12,65.86257217573221,0.2907,3.1233735705209655,66.4,3.3,0.26753896981041925,1221
nwisca.01.02001399,7.3,162.09405044510385,246.45972997594052,7.12,65.86257217573221,412.0,3.9,66.4,7.4,0.2671824100551411,1222
HPUL1EPA_WQX-RS-01:20231102:0904:FM:PS:,7.5,162.09405044510385,237.0,7.12,65.86257217573221,365.1,3.1233735705209655,66.4,6.72,0.26713283049757436,1223
MORONGO1_WQX-BC1042022,8.49,162.09405044510385,394.91,7.12,65.86257217573221,607.6,3.1233735705209655,66.4,5.5,0.26685914759954704,1224
HPUL1EPA_WQX-RS-01:20230626:0752:FM:PS:,7.21,162.09405044510385,192.0,7.12,65.86257217573221,295.4,3.1233735705209655,66.4,7.12,0.2668501935090984,1225
nwisca.01.02001972,7.8,162.09405044510385,246.45972997594052,7.12,65.86257217573221,203.0,2.04,66.4,5.6,0.2667783155859569,1226
MORONGO1_WQX-HE1122121,7.95,162.09405044510385,185.73,7.12,65.86257217573221,285.7,3.1233735705209655,66.4,6.06,0.26668795621229147,1227
nwisca.01.02101666,7.85,168.0,250.84,7.12,63.4,632.5,5.41,66.4,6.8,0.2665942077359512,1228
HPUL1EPA_WQX-MC-01:20230412:0801:FM:PS:,7.91,162.09405044510385,103.0,7.12,65.86257217573221,157.9,3.1233735705209655,66.4,6.09,0.266590571549669,1229
nwisca.01.02102001,7.9,162.09405044510385,246.45972997594052,7.12,65.86257217573221,274.0,3.0,66.4,6.0,0.26617809109967244,1230
nwisca.01.02003667,7.949999999999999,54.4,1071.535,7.12,4.6,139.5,1.46,66.4,4.7,0.2661503281315578,1231
HPUL1EPA_WQX-MC-01:20230405:1101:FM:PS:,7.98,162.09405044510385,97.0,7.12,65.86257217573221,148.5,3.1233735705209655,66.4,5.95,0.26614860208182867,1232
nwisca.01.02001970,7.7,162.09405044510385,246.45972997594052,7.12,65.86257217573221,208.0,2.43,66.4,5.9,0.2659913971517989,1233
nwisca.01.02001437,7.85,284.0,410.94666666666666,7.12,100.0,1040.0,6.67,66.4,6.9,0.2657953005037155,1234
HPUL1EPA_WQX-LC-01:20231128:0848:FM:PS:,7.06,162.09405044510385,106.0,7.12,65.86257217573221,163.2,3.1233735705209655,66.4,7.15,0.26568886694727367,1235
nwisca.01.02003101,7.7,162.09405044510385,246.45972997594052,7.12,65.86257217573221,115.0,1.4,66.4,4.9,0.265666450748944,1236
CA_BVR-FC2:20220707:1116:FM:PS:0.19:Hydro,7.2,162.09405044510385,0.2912,7.12,65.86257217573221,0.455,3.1233735705209655,66.4,4.0,0.26564839750862407,1237
nwisca.01.02201984,8.0,60.2,928.285,7.12,7.15,165.0,3.1233735705209655,66.4,5.7,0.2655975524652421,1238
HPUL1EPA_WQX-RS-01:20230816:0915:FM:PS:,6.94,162.09405044510385,229.0,7.12,65.86257217573221,352.0,3.1233735705209655,66.4,7.34,0.2655691097756656,1239
MORONGO1_WQX-LMO041923,8.41,162.09405044510385,235.43,7.12,65.86257217573221,362.2,3.1233735705209655,66.4,5.41,0.26529849635197117,1240
CA_BVR-FC1:20210302:0246:FM:PS:0.081:Hydro,7.5,162.09405044510385,0.2218,7.12,65.86257217573221,0.3465,3.1233735705209655,66.4,3.4,0.2652893149245415,1241
nwisca.01.02003786,7.8,162.09405044510385,246.45972997594052,7.12,65.86257217573221,166.0,1.6,66.4,5.0,0.26493438162874294,1242
nwisca.01.02001401,7.4,162.09405044510385,246.45972997594052,7.12,65.86257217573221,385.0,4.5,66.4,7.0,0.26487478377933665,1243
nwisca.01.02201164,7.775573846153846,95.7,65.09,7.12,15.7,199.0,4.25,66.4,6.3,0.2648229359715648,1244
HPUL1EPA_WQX-MC-04:20230405:1325:FM:PS:,7.88,162.09405044510385,108.0,7.12,65.86257217573221,166.9,3.1233735705209655,66.4,5.88,0.2646682665777558,1245
CA_BVR-MC1:20200211:0948:FM:PS:0.152:Hydro,7.78,162.09405044510385,0.1725,7.12,65.86257217573221,0.27,3.1233735705209655,66.4,2.9,0.2646471394754695,1246
nwisca.01.02001420,7.8,162.09405044510385,246.45972997594052,7.12,65.86257217573221,216.0,2.4,66.4,5.6,0.26450960812998603,1247
nwisca.01.02204683,8.350000000000001,312.0,456.6466666666667,7.12,114.0,1150.0,4.28,66.4,5.7,0.26431906279728357,1248
HPUL1EPA_WQX-LC-01:20230322:0931:FM:PS:,8.09,162.09405044510385,176.0,7.12,65.86257217573221,264.8,3.1233735705209655,66.4,5.59,0.26407265000303826,1249
HPUL1EPA_WQX-RS-01:20231128:0836:FM:PS:,8.06,162.09405044510385,232.0,7.12,65.86257217573221,357.1,3.1233735705209655,66.4,5.62,0.2640546071701361,1250
nwisca.01.02301193,8.5,162.09405044510385,246.45972997594052,7.12,68.3,1880.0,3.1233735705209655,66.4,5.2,0.2639927146260811,1251
HPUL1EPA_WQX-LC-01:20230607:1018:FM:PS:,7.14,162.09405044510385,479.0,7.12,65.86257217573221,737.0,3.1233735705209655,66.4,6.72,0.26384144870369763,1252
OVIWC-LP-SS-4-20221012-F,7.88,162.09405044510385,226.0,7.12,65.86257217573221,347.4,3.1233735705209655,66.4,5.78,0.2638009191300485,1253
MORONGO1_WQX-H000101922,8.51,162.09405044510385,249.96,7.12,65.86257217573221,384.5,3.1233735705209655,66.4,5.17,0.2637985357358618,1254
CA_BVR-KC1:20200211:1027:FM:PS:0.152:Hydro,7.69,162.09405044510385,0.1517,7.12,65.86257217573221,0.2371,3.1233735705209655,66.4,2.7,0.263600665764994,1255
OVIWC-LP-SS-2-20221012-F,7.94,162.09405044510385,227.0,7.12,65.86257217573221,348.7,3.1233735705209655,66.4,5.65,0.26322962289765117,1256
nwisca.01.02001421,8.0,162.09405044510385,246.45972997594052,7.12,65.86257217573221,268.0,2.9,66.4,5.5,0.26319230781347996,1257
MORONGO1_WQX-HW1071321,7.93,162.09405044510385,201.96,7.12,65.86257217573221,310.7,3.1233735705209655,66.4,5.62,0.2628784334707412,1258
SANPASQUAL-20C2425-01,8.14,162.09405044510385,1400.0,7.12,172.0,338.4017245542537,3.1233735705209655,66.4,5.4,0.2627505558944113,1259
SANPASQUAL-Lower Paradise Creek:03172020:04142020,8.14,162.09405044510385,1400.0,7.12,172.0,338.4017245542537,3.1233735705209655,66.4,5.4,0.2627505558944113,1259
nwisca.01.02202925,7.85,140.0,279.365,7.12,63.4,584.0,3.22,66.4,5.7,0.2626607244548068,1261
nwisca.01.02203428,7.7,58.1,113.285,7.12,10.1,192.5,1.78,66.4,4.9,0.26234373341253114,1262
HPUL1EPA_WQX-MC-03:20230808:1230:FM:PS:,6.96,162.09405044510385,15.3,7.12,65.86257217573221,233.4,3.1233735705209655,66.4,6.72,0.2622445993979944,1263
nwisca.01.02001772,7.8,162.09405044510385,246.45972997594052,7.12,65.86257217573221,265.0,2.5,66.4,5.4,0.26212956203085447,1264
nwisca.01.02003334,8.0,162.09405044510385,246.45972997594052,7.12,65.86257217573221,531.0,2.1,66.4,5.0,0.26211334096377176,1265
nwisca.01.02104249,7.75,162.09405044510385,246.45972997594052,7.12,65.86257217573221,111.0,1.85,66.4,5.0,0.26191877218852505,1266
nwisca.01.02200068,7.9,53.1,474.0275,7.12,3.13,134.5,1.19,66.4,4.1,0.26180997886895535,1267
nwisca.01.02001402,7.4,162.09405044510385,246.45972997594052,7.12,65.86257217573221,385.0,4.5,66.4,6.5,0.2617923661969191,1268
nwisca.01.02003788,7.8,162.09405044510385,246.45972997594052,7.12,65.86257217573221,155.0,1.6,66.4,4.7,0.2613593007553523,1269
HPUL1EPA_WQX-MC-02:20231004:1021:FM:PS:,7.5,162.09405044510385,150.0,7.12,65.86257217573221,230.8,3.1233735705209655,66.4,5.89,0.26127232319191146,1270
nwisca.01.02001773,8.0,162.09405044510385,246.45972997594052,7.12,65.86257217573221,283.0,2.7,66.4,5.2,0.2610340485126141,1271
OVIWC-LP-SS-4-20231006-F,8.01,162.09405044510385,218.0,7.12,65.86257217573221,335.5,3.1233735705209655,66.4,5.33,0.260886885465689,1272
nwisca.01.02201352,8.0,157.0,436.38,7.12,82.0,655.5,3.46,66.4,5.4,0.2605248979988205,1273
nwisca.01.02102608,8.1,162.09405044510385,246.45972997594052,7.12,65.86257217573221,385.0,3.9,66.4,5.4,0.26041839572294856,1274
nwisca.01.02206765,7.5,162.09405044510385,246.45972997594052,7.12,65.86257217573221,70.0,1.9,66.4,5.1,0.26037914227405834,1275
nwisca.01.02003348,7.4,162.09405044510385,246.45972997594052,7.12,65.86257217573221,129.0,1.5,66.4,4.8,0.2602671720037737,1276
CA_BVR-MC1:20210325:0821:FM:PS:0.109:Hydro,7.34,162.09405044510385,0.1328,7.12,65.86257217573221,0.2074,3.1233735705209655,66.4,2.5,0.2602595341299584,1277
nwisca.01.02003335,8.3,162.09405044510385,246.45972997594052,7.12,65.86257217573221,106.0,2.3,66.4,4.7,0.2600863124179573,1278
HPUL1EPA_WQX-RS-01:20230808:1104:FM:PS:,7.04,162.09405044510385,225.0,7.12,65.86257217573221,306.5,3.1233735705209655,66.4,6.26,0.25989084497014736,1279
CA_BVR-FC3:20220602:1100:FM:PS:0.325:Hydro,6.84,162.09405044510385,0.2483,7.12,65.86257217573221,0.3877,3.1233735705209655,66.4,3.6,0.2597332670475625,1280
nwisca.01.02303202,7.7,162.09405044510385,246.45972997594052,7.12,25.2,260.0,3.1233735705209655,66.4,5.5,0.2597070273288039,1281
nwisca.01.02003365,7.6,162.09405044510385,246.45972997594052,7.12,65.86257217573221,126.0,1.4,66.4,4.5,0.25965867829593114,1282
CA_BVR-AC2:20220506:1051:FM:PS:0.159:Hydro,7.75,162.09405044510385,0.2386,7.12,65.86257217573221,0.3729,3.1233735705209655,66.4,3.2,0.25964810151037454,1283
nwisca.01.02303200,7.75,127.0,86.115,7.12,24.6,280.0,1.94,66.4,4.85,0.25955737196614775,1284
nwisca.01.02003336,8.7,162.09405044510385,246.45972997594052,7.12,65.86257217573221,223.0,2.6,66.4,4.5,0.25945823775814303,1285
nwisca.01.02003793,7.9,162.09405044510385,246.45972997594052,7.12,65.86257217573221,264.0,2.4,66.4,5.0,0.2593966236422515,1286
HPUL1EPA_WQX-AC-01:20230426:1217:FM:PS:,7.58,162.09405044510385,180.0,7.12,65.86257217573221,277.3,3.1233735705209655,66.4,5.57,0.2592538131895622,1287
HPUL1EPA_WQX-RS-01:20231213:0941:FM:PS:,7.98,162.09405044510385,235.0,7.12,65.86257217573221,361.5,3.1233735705209655,66.4,5.19,0.2591916636608155,1288
SANPASQUAL-20D1791-01,7.73,162.09405044510385,1400.0,7.12,172.0,338.4017245542537,3.1233735705209655,66.4,5.4,0.2590232831671386,1289
SANPASQUAL-Lower Paradise Creek:03172020:04272020,7.73,162.09405044510385,1400.0,7.12,172.0,338.4017245542537,3.1233735705209655,66.4,5.4,0.2590232831671386,1289
CA_BVR-FC1:20220323:0836:FM:PS:0.261:Hydro,7.2,162.09405044510385,0.2874,7.12,65.86257217573221,0.4491,3.1233735705209655,66.4,3.6,0.25824643479198206,1291
nwisca.01.02101349,8.1,190.0,555.42,7.12,117.0,845.0,2.76,66.4,4.9,0.25824422716915274,1292
nwisca.01.02001774,8.0,162.09405044510385,246.45972997594052,7.12,65.86257217573221,285.0,2.6,66.4,4.9,0.25816986999971614,1293
CA_BVR-AC2:20200302:0935:FM:PS:0.012:Hydro,7.74,162.09405044510385,0.1982,7.12,65.86257217573221,0.3094,3.1233735705209655,66.4,2.9,0.2579177557872623,1294
nwisca.01.02103084,7.6,162.09405044510385,246.45972997594052,7.12,65.86257217573221,805.0,9.73,66.4,6.2,0.2578251911833011,1295
nwisca.01.02001418,7.7,162.09405044510385,246.45972997594052,7.12,65.86257217573221,119.0,2.2,66.4,4.9,0.2576625056996199,1296
21NEV1_WQX-7182000-L-0.000,7.775573846153846,162.09405044510385,140.0,7.12,17.0,250.0,3.1233735705209655,66.4,5.2,0.2574538310630696,1297
CA_BVR-AC1:20200302:0946:FM:PS:0.014:Hydro,7.7,162.09405044510385,0.1996,7.12,65.86257217573221,0.3118,3.1233735705209655,66.4,2.9,0.25721834155398393,1298
CA_BVR-AC2:20220411:0916:FM:PS:0.155:Hydro,8.33,162.09405044510385,0.2314,7.12,65.86257217573221,0.3615,3.1233735705209655,66.4,2.9,0.25699435017164285,1299
nwisca.01.02102104,8.8,162.09405044510385,246.45972997594052,7.12,34.5,1035.0,3.1233735705209655,66.4,4.4,0.25691815637005255,1300
nwisca.01.02001864,8.0,126.0,1269.6125,7.12,71.9,563.5,2.29,66.4,4.6,0.25624417417370665,1301
MORONGO1_WQX-HW1080823,8.02,162.09405044510385,217.0,7.12,65.86257217573221,334.2,3.1233735705209655,66.4,4.89,0.25624262950565857,1302
nwisca.01.02304542,8.0,247.0,341.90000000000003,7.12,78.0,854.5,5.25,66.4,5.3,0.25620625892550397,1303
nwisca.01.02001771,7.6,162.09405044510385,246.45972997594052,7.12,65.86257217573221,254.0,2.3,66.4,4.9,0.2560844367655635,1304
nwisca.01.02003420,8.2,162.09405044510385,246.45972997594052,7.12,65.86257217573221,156.0,2.2,66.4,4.4,0.2556759572669602,1305
HPUL1EPA_WQX-MC-04:20230926:1024:FM:PS:,6.55,162.09405044510385,214.0,7.12,65.86257217573221,330.0,3.1233735705209655,66.4,6.24,0.2552895472588738,1306
HPUL1EPA_WQX-MC-04:20230830:1110:FM:PS:,6.73,162.09405044510385,235.0,7.12,65.86257217573221,361.1,3.1233735705209655,66.4,6.0,0.2551243114299285,1307
nwisca.01.02101294,7.9,162.09405044510385,246.45972997594052,7.12,65.86257217573221,182.0,2.1,66.4,4.5,0.2550196579829108,1308
nwisca.01.02102080,8.149999999999999,220.0,354.58666666666664,7.12,81.3,899.5,5.95,66.4,5.1,0.25486738468192366,1309
nwisca.01.02200546,7.4,742.0,476.645,7.12,520.0,1295.0,13.7,66.4,6.2,0.25446283949993137,1310
MORONGO1_WQX-LMO122221,8.25,162.09405044510385,243.65,7.12,65.86257217573221,374.8,3.1233735705209655,66.4,4.58,0.25444658551160276,1311
nwisca.01.02001416,7.7,162.09405044510385,246.45972997594052,7.12,65.86257217573221,656.0,3.6,66.4,5.1,0.2543701137414139,1312
NARS_WQX-244540_2324,7.78,162.09405044510385,246.45972997594052,7.12,27.7,338.4017245542537,2.49,66.4,4.7,0.25424976761433926,1313
21NEV1_WQX-7182418-L-0.000,7.775573846153846,162.09405044510385,94.0,7.12,4.9,120.0,3.1233735705209655,66.4,4.9,0.25420972779619366,1314
HPUL1EPA_WQX-MC-02:20230712:0958:FM:PS:,7.51,162.09405044510385,133.0,7.12,65.86257217573221,205.2,3.1233735705209655,66.4,5.08,0.25377708248379993,1315
OVIWC-LP-SS-5-20230223-F,8.61,162.09405044510385,315.0,7.12,65.86257217573221,484.7,3.1233735705209655,66.4,4.27,0.25326482264289624,1316
nwisca.01.02100382,7.8,162.09405044510385,246.45972997594052,7.12,65.86257217573221,161.0,1.7,66.4,4.2,0.25311883947107316,1317
nwisca.01.02003340,7.8,162.09405044510385,246.45972997594052,7.12,65.86257217573221,260.0,3.3,66.4,4.8,0.25265081927162214,1318
nwisca.01.02001390,7.7,162.09405044510385,246.45972997594052,7.12,65.86257217573221,245.0,2.7,66.4,4.7,0.2525756296302324,1319
CA_BVR-KC1:20210325:1114:FM:PS:0.155:Hydro,8.15,162.09405044510385,0.1449,7.12,65.86257217573221,0.2259,3.1233735705209655,66.4,2.3,0.25253717910493645,1320
nwisca.01.02003339,7.9,162.09405044510385,246.45972997594052,7.12,65.86257217573221,265.0,3.3,66.4,4.7,0.2523155796538934,1321
nwisca.01.02100703,8.05,176.0,528.4025,7.12,93.1,764.0,2.9,66.4,4.5,0.25221809073402374,1322
MORONGO1_WQX-M001021220,8.8,162.09405044510385,246.94,7.12,65.86257217573221,379.9,3.1233735705209655,66.4,4.08,0.25194064356080836,1323
MORONGO1_WQX-HE1121323,7.84,162.09405044510385,168.0,7.12,65.86257217573221,258.6,3.1233735705209655,66.4,4.67,0.25191579580978185,1324
nwisca.01.02202926,7.85,57.3,443.28,7.12,4.9,147.5,1.68,66.4,4.0,0.25190954808014476,1325
nwisca.01.02003362,7.6,162.09405044510385,246.45972997594052,7.12,65.86257217573221,125.0,1.4,66.4,4.0,0.2518678685816455,1326
nwisca.01.02105151,7.4,162.09405044510385,246.45972997594052,7.12,65.86257217573221,901.0,8.35,66.4,5.6,0.2516810278258665,1327
nwisca.01.02201214,7.65,199.0,353.895,7.12,70.5,720.0,7.14,66.4,5.3,0.2516001312354389,1328
nwisca.01.02202795,8.0,115.0,246.45972997594052,7.12,11.8,259.5,3.55,66.4,4.6,0.251596210191212,1329
CA_BVR-AC1:20200211:1013:FM:PS:0.152:Hydro,7.92,162.09405044510385,0.1693,7.12,65.86257217573221,0.2643,3.1233735705209655,66.4,2.5,0.2515220851433503,1330
nwisca.01.02003356,7.7,162.09405044510385,246.45972997594052,7.12,65.86257217573221,239.0,4.6,66.4,5.0,0.2514461084679967,1331
nwisca.01.02001408,7.5,162.09405044510385,246.45972997594052,7.12,65.86257217573221,189.0,2.1,66.4,4.5,0.25138054770430057,1332
HPUL1EPA_WQX-RS-01:20230614:1126:FM:PS:,7.23,162.09405044510385,183.0,7.12,65.86257217573221,281.6,3.1233735705209655,66.4,5.05,0.2508857637496696,1333
nwisca.01.02003366,7.7,162.09405044510385,246.45972997594052,7.12,65.86257217573221,114.0,1.3,66.4,3.8,0.25078889644620195,1334
HPUL1EPA_WQX-LC-01:20231227:0807:FM:PS:,7.7,162.09405044510385,203.0,7.12,65.86257217573221,313.0,3.1233735705209655,66.4,4.68,0.2507623397601957,1335
OVIWC-LP-SS-2-20220929-F,7.82,162.09405044510385,249.0,7.12,65.86257217573221,383.2,3.1233735705209655,66.4,4.58,0.25053670521281923,1336
HPUL1EPA_WQX-CC-02:20210609:1150:FM:PS:,7.32,162.09405044510385,154.0,7.12,65.86257217573221,238.6,3.1233735705209655,66.4,4.94,0.25047576129452714,1337
nwisca.01.02003363,7.6,162.09405044510385,246.45972997594052,7.12,65.86257217573221,128.0,1.5,66.4,4.0,0.25039867122747883,1338
HPUL1EPA_WQX-CC-02:20220105:1545:FM:PS:,7.68,162.09405044510385,108.0,7.12,65.86257217573221,166.5,3.1233735705209655,66.4,4.66,0.25036122762437696,1339
nwisca.01.02102978,7.85,51.7,423.7775,7.12,4.47,134.0,1.27,66.4,3.6,0.2502890237836314,1340
nwisca.01.02302237,7.85,222.0,307.21,7.12,76.7,788.0,5.02,66.4,4.8,0.24965845243328558,1341
HPUL1EPA_WQX-LC-01:20230614:1114:FM:PS:,7.19,162.09405044510385,512.0,7.12,65.86257217573221,787.0,3.1233735705209655,66.4,4.94,0.24925452557222766,1342
OVIWC-LP-SS-5-20221012-F,8.22,162.09405044510385,226.0,7.12,65.86257217573221,347.0,3.1233735705209655,66.4,4.23,0.24910922803362875,1343
nwisca.01.02003357,7.9,162.09405044510385,246.45972997594052,7.12,65.86257217573221,157.0,2.1,66.4,4.1,0.24895016598210962,1344
OVIWC-LP-SS-2-20220628-F,8.52,162.09405044510385,233.0,7.12,65.86257217573221,358.6,3.1233735705209655,66.4,4.05,0.24888804002243836,1345
nwisca.01.02001417,7.6,162.09405044510385,246.45972997594052,7.12,65.86257217573221,695.0,3.6,66.4,4.7,0.24877901721725618,1346
nwisca.01.02100975,7.949999999999999,67.3,641.785,7.12,4.86,170.0,1.88,66.4,3.9,0.24872435602874027,1347
NARS_WQX-244760_2324,7.8,162.09405044510385,246.45972997594052,7.12,5.31,338.4017245542537,1.49,66.4,3.8,0.2485983104142538,1348
NARS_WQX-260340_2324,8.13,162.09405044510385,246.45972997594052,7.12,43.8,338.4017245542537,3.47,66.4,4.3,0.24838648150044845,1349
nwisca.01.02003364,7.5,162.09405044510385,246.45972997594052,7.12,65.86257217573221,132.0,1.6,66.4,4.0,0.24820305167255458,1350
MORONGO1_WQX-LMO020122,8.21,162.09405044510385,235.11,7.12,65.86257217573221,361.7,3.1233735705209655,66.4,4.16,0.24790091026611816,1351
nwisca.01.02001415,7.7,162.09405044510385,246.45972997594052,7.12,65.86257217573221,629.0,4.0,66.4,4.6,0.24753718049080548,1352
nwisca.01.02204666,7.699999999999999,38.9,623.0225,7.12,3.08,100.0,1.72,66.4,3.8,0.24753464056099023,1353
nwisca.01.02003360,7.6,162.09405044510385,246.45972997594052,7.12,65.86257217573221,137.0,1.8,66.4,4.0,0.2469695219409318,1354
nwisca.01.02003347,7.4,162.09405044510385,246.45972997594052,7.12,65.86257217573221,130.0,1.5,66.4,3.9,0.24678079025064315,1355
nwisca.01.02002738,7.55,220.0,319.89,7.12,68.7,820.5,6.48,66.4,4.9,0.24674600182271003,1356
HPUL1EPA_WQX-RS-01:20230517:0952:FM:PS:,7.34,162.09405044510385,174.0,7.12,65.86257217573221,267.6,3.1233735705209655,66.4,4.62,0.24671854002306032,1357
MORONGO1_WQX-HW1122121,7.95,162.09405044510385,205.31,7.12,65.86257217573221,315.9,3.1233735705209655,66.4,4.21,0.24634349022433044,1358
nwisca.01.02204133,7.6,45.0,468.775,7.12,3.67,114.5,1.54,66.4,3.7,0.2462579760093559,1359
HPUL1EPA_WQX-MC-02:20230412:0823:FM:PS:,7.69,162.09405044510385,107.0,7.12,65.86257217573221,164.4,3.1233735705209655,66.4,4.35,0.2461635466188896,1360
MORONGO1_WQX-HE1120820,7.53,162.09405044510385,163.17,7.12,65.86257217573221,251.0,3.1233735705209655,66.4,4.45,0.24612972628808577,1361
nwisca.01.02200420,7.85,127.0,224.3475,7.12,52.8,495.0,2.23,66.4,4.0,0.24609094804989984,1362
nwisca.01.02300025,7.85,48.2,280.2775,7.12,3.31,125.5,1.42,66.4,3.5,0.2456885903639105,1363
nwisca.01.02003338,8.2,162.09405044510385,246.45972997594052,7.12,65.86257217573221,247.0,3.0,66.4,4.0,0.24553574842755393,1364
nwisca.01.02001407,7.5,162.09405044510385,246.45972997594052,7.12,65.86257217573221,321.0,3.6,66.4,4.5,0.24524007062374878,1365
nwisca.01.02003359,7.7,162.09405044510385,246.45972997594052,7.12,65.86257217573221,136.0,1.7,66.4,3.8,0.24519508372293447,1366
NARS_WQX-260320_2324,8.13,162.09405044510385,246.45972997594052,7.12,43.8,338.4017245542537,3.52,66.4,4.1,0.24507832480199926,1367
CA_BVR-FC3:20220608:1213:FM:PS:0.257:Hydro,6.89,162.09405044510385,0.209,7.12,65.86257217573221,0.3266,3.1233735705209655,66.4,2.8,0.2444386887697206,1368
nwisca.01.02101005,8.3,162.09405044510385,246.45972997594052,7.12,19.1,984.5,3.1233735705209655,66.4,3.9,0.2442002938190176,1369
HPUL1EPA_WQX-CD-01:20230531:1210:FM:PS:,7.65,162.09405044510385,155.0,7.12,65.86257217573221,238.3,3.1233735705209655,66.4,4.24,0.2441015486491644,1370
nwisca.01.02102002,7.8,162.09405044510385,246.45972997594052,7.12,65.86257217573221,238.0,5.1,66.4,4.4,0.24404900017013542,1371
NARS_WQX-244560_2324,7.7,162.09405044510385,246.45972997594052,7.12,15.1,338.4017245542537,2.31,66.4,4.0,0.2440422013725831,1372
OVIWC-LP-SS-4-20230223-F,8.63,162.09405044510385,314.0,7.12,65.86257217573221,483.6,3.1233735705209655,66.4,3.71,0.24353110167147285,1373
nwisca.01.02104562,8.1,162.09405044510385,246.45972997594052,7.12,65.86257217573221,209.0,2.1,66.4,3.7,0.24335078193032428,1374
HPUL1EPA_WQX-MC-02:20230208:1138:FM:PS:,7.97,162.09405044510385,110.0,7.12,65.86257217573221,169.1,3.1233735705209655,66.4,4.01,0.24323935323313128,1375
HPUL1EPA_WQX-MC-04:20210609:1223:FM:PS:,7.27,162.09405044510385,164.0,7.12,65.86257217573221,251.6,3.1233735705209655,66.4,4.41,0.24319422737846658,1376
nwisca.01.02103392,7.8,60.7,125.7925,7.12,14.7,220.0,1.77,66.4,3.6,0.2425751677773603,1377
nwisca.01.02203350,7.775573846153846,122.0,246.45972997594052,7.12,18.0,254.0,4.11,66.4,4.2,0.24250329378232233,1378
CA_BVR-AC1:20220216:1007:FM:PS:0.11:Hydro,8.21,162.09405044510385,0.1968,7.12,65.86257217573221,0.3076,3.1233735705209655,66.4,2.4,0.24229489295076317,1379
nwisca.01.02001414,7.5,162.09405044510385,246.45972997594052,7.12,65.86257217573221,316.0,4.5,66.4,4.4,0.24211295814231548,1380
nwisca.01.02001397,7.3,162.09405044510385,246.45972997594052,7.12,65.86257217573221,326.0,3.6,66.4,4.4,0.24200457725041913,1381
GLEC-NRSA2-10124-0,8.14,162.09405044510385,738.0,7.12,65.86257217573221,1135.0,3.1233735705209655,66.4,3.86,0.24199861363791486,1382
nwisca.01.02103391,7.949999999999999,52.6,508.78,7.12,4.07,137.5,1.25,66.4,3.2,0.24180140533356376,1383
NARS_WQX-253140_2324,7.8,162.09405044510385,246.45972997594052,7.12,0.484,338.4017245542537,3.66,66.4,4.1,0.2417436253484473,1384
nwisca.01.02103086,7.8,162.09405044510385,246.45972997594052,7.12,65.86257217573221,164.0,1.38,66.4,3.4,0.24160421376002517,1385
nwisca.01.02104567,7.2,162.09405044510385,246.45972997594052,7.12,65.86257217573221,183.0,1.8,66.4,3.9,0.24151031723167665,1386
nwisaz.01.02200278,8.25,296.0,413.6266666666667,7.12,205.0,1015.0,3.1233735705209655,66.4,3.8,0.2414934376601649,1387
nwisca.01.02003353,7.7,162.09405044510385,246.45972997594052,7.12,65.86257217573221,379.0,3.5,66.4,4.1,0.24121496148159804,1388
HPUL1EPA_WQX-CC-02:20230412:0921:FM:PS:,9.9,162.09405044510385,132.0,7.12,65.86257217573221,203.1,3.1233735705209655,66.4,3.13,0.2411049573201134,1389
nwisca.01.02003346,7.4,162.09405044510385,246.45972997594052,7.12,65.86257217573221,130.0,1.5,66.4,3.6,0.2407872005070534,1390
CA_BVR-FC1:20220401:1016:FM:PS:0.176:Hydro,6.75,162.09405044510385,0.3277,7.12,65.86257217573221,0.512,3.1233735705209655,66.4,3.2,0.2407238302789787,1391
nwisca.01.02102948,7.9,162.09405044510385,246.45972997594052,7.12,65.86257217573221,201.0,3.1,66.4,3.9,0.24069172151054036,1392
HPUL1EPA_WQX-AC-01:20230405:1157:FM:PS:,8.01,162.09405044510385,124.0,7.12,65.86257217573221,190.1,3.1233735705209655,66.4,3.85,0.24068715422534243,1393
nwisca.01.02003795,7.9,162.09405044510385,246.45972997594052,7.12,65.86257217573221,265.0,2.3,66.4,3.7,0.24024359092140518,1394
CA_BVR-FC2:20210325:0858:FM:PS:0.058:Hydro,7.73,162.09405044510385,0.1878,7.12,65.86257217573221,0.2926,3.1233735705209655,66.4,2.4,0.24018066261194182,1395
nwisca.01.02003345,7.8,162.09405044510385,246.45972997594052,7.12,65.86257217573221,196.0,1.9,66.4,3.6,0.24006579629384803,1396
nwisca.01.02400087,7.6,208.0,71.36666666666666,7.12,3.75,110.0,1.53,66.4,3.5,0.23982022090230032,1397
nwisca.01.02105193,7.65,46.9,101.03,7.12,7.62,144.5,1.77,66.4,3.5,0.23964126865094526,1398
MORONGO1_WQX-HE1102221,8.09,162.09405044510385,176.71,7.12,65.86257217573221,271.9,3.1233735705209655,66.4,3.75,0.2394502099091695,1399
nwisca.01.02102606,8.1,162.09405044510385,246.45972997594052,7.12,65.86257217573221,484.0,4.7,66.4,3.9,0.23908834805702112,1400
HPUL1EPA_WQX-MC-04:20230208:1635:FM:PS:,7.79,162.09405044510385,121.0,7.12,65.86257217573221,185.8,3.1233735705209655,66.4,3.87,0.2390653200799655,1401
nwisca.01.02303838,7.95,225.0,299.2033333333333,7.12,75.7,768.0,4.88,66.4,4.0,0.23904877690131332,1402
CA_BVR-AC1:20210316:0850:FM:PS:0.134:Hydro,7.85,162.09405044510385,0.2209,7.12,65.86257217573221,0.3451,3.1233735705209655,66.4,2.5,0.2389291549357811,1403
HPUL1EPA_WQX-MC-04:20230215:1605:FM:PS:,7.91,162.09405044510385,130.0,7.12,65.86257217573221,199.4,3.1233735705209655,66.4,3.8,0.23881610528994163,1404
OVIWC-LP-SS-4-20220929-F,8.13,162.09405044510385,247.0,7.12,65.86257217573221,380.4,3.1233735705209655,66.4,3.7,0.23878887696117773,1405
nwisca.01.02201353,7.9,65.3,2393.035,7.12,7.87,171.0,1.83,66.4,3.4,0.23819861625784455,1406
nwisca.01.02003421,8.0,162.09405044510385,246.45972997594052,7.12,65.86257217573221,150.0,2.1,66.4,3.5,0.2381350457418186,1407
nwisca.01.02104119,8.0,162.09405044510385,246.45972997594052,7.12,65.86257217573221,197.0,1.86,66.4,3.4,0.23764890869331062,1408
nwisca.01.02102597,7.0,162.09405044510385,246.45972997594052,7.12,65.86257217573221,159.0,3.2,66.4,4.2,0.23735451963383852,1409
nwisca.01.02001405,7.4,162.09405044510385,246.45972997594052,7.12,65.86257217573221,313.0,4.1,66.4,4.1,0.2372073931448242,1410
nwisca.01.02001422,8.0,162.09405044510385,246.45972997594052,7.12,65.86257217573221,570.0,5.6,66.4,3.9,0.2371218582423006,1411
nwisca.01.02102603,7.9,162.09405044510385,246.45972997594052,7.12,65.86257217573221,238.0,2.5,66.4,3.6,0.23707220872628512,1412
nwisca.01.02102030,8.05,64.0,779.535,7.12,7.74,176.0,1.84,66.4,3.3,0.23700857361660085,1413
HPUL1EPA_WQX-MC-03:20230208:1155:FM:PS:,7.95,162.09405044510385,111.0,7.12,65.86257217573221,170.8,3.1233735705209655,66.4,3.69,0.23699060514871154,1414
nwisca.01.02102598,7.3,162.09405044510385,246.45972997594052,7.12,65.86257217573221,173.0,1.6,66.4,3.5,0.23634278005255605,1415
HPUL1EPA_WQX-CC-02:20211229:0850:FM:PS:,9.8,162.09405044510385,131.0,7.12,65.86257217573221,201.3,3.1233735705209655,66.4,3.0,0.23631307406157934,1416
HPUL1EPA_WQX-RS-01:20230524:0826:FM:PS:,7.06,162.09405044510385,182.0,7.12,65.86257217573221,280.1,3.1233735705209655,66.4,4.09,0.23630321324370962,1417
nwisca.01.02206778,7.2,162.09405044510385,246.45972997594052,7.12,65.86257217573221,40.0,2.67,66.4,3.9,0.23619845754654945,1418
21NEV1_WQX-7182279-L-0.000,7.775573846153846,162.09405044510385,150.0,7.12,16.0,220.0,3.1233735705209655,66.4,3.7,0.2355926899445665,1419
nwisca.01.02308066,7.2,162.09405044510385,246.45972997594052,7.12,65.86257217573221,49.0,2.91,66.4,3.9,0.23518509344165928,1420
HPUL1EPA_WQX-MC-03:20230412:0840:FM:PS:,7.39,162.09405044510385,108.0,7.12,65.86257217573221,165.8,3.1233735705209655,66.4,3.85,0.23506119642261725,1421
HPUL1EPA_WQX-RS-01:20230802:1045:FM:PS:,6.55,162.09405044510385,222.0,7.12,65.86257217573221,308.5,3.1233735705209655,66.4,4.3,0.2350117626014484,1422
nwisca.01.02102020,8.0,162.09405044510385,246.45972997594052,7.12,65.86257217573221,205.0,1.9,66.4,3.3,0.2347976215581888,1423
nwisca.01.02003784,7.8,162.09405044510385,246.45972997594052,7.12,65.86257217573221,158.0,1.5,66.4,3.2,0.23466558178379354,1424
nwisca.01.02004381,7.95,50.0,647.53,7.12,3.41,130.0,1.33,66.4,3.0,0.23460844508649245,1425
NARS_WQX-236660_2324,8.04,162.09405044510385,246.45972997594052,7.12,431.0,338.4017245542537,2.35,66.4,3.4,0.2345311601088822,1426
HPUL1EPA_WQX-LC-01:20231213:1003:FM:PS:,7.12,162.09405044510385,315.0,7.12,65.86257217573221,484.4,3.1233735705209655,66.4,3.93,0.23403620605217423,1427
nwisca.01.02104561,7.9,162.09405044510385,246.45972997594052,7.12,65.86257217573221,196.0,1.9,66.4,3.3,0.23389155386960567,1428
21NEV1_WQX-7200865-L-0.000,7.775573846153846,162.09405044510385,87.0,7.12,7.1,3800.0,3.1233735705209655,66.4,3.6,0.23342903593081596,1429
nwisca.01.02103093,7.8,53.9,422.285,7.12,5.33,151.0,1.32,66.4,3.0,0.2332195634504253,1430
nwisca.01.02100383,7.9,162.09405044510385,246.45972997594052,7.12,65.86257217573221,162.0,1.8,66.4,3.2,0.23215034123484413,1431
nwisca.01.02204132,7.7,35.8,61.0225,7.12,4.7,106.0,1.64,66.4,3.1,0.2320189190928545,1432
nwisca.01.02105780,7.4,162.09405044510385,246.45972997594052,7.12,65.86257217573221,789.0,7.69,66.4,4.0,0.2319640187878101,1433
nwisca.01.02202614,7.85,60.3,682.785,7.12,6.28,160.0,1.69,66.4,3.1,0.23132330207510932,1434
nwisca.01.02001403,7.4,162.09405044510385,246.45972997594052,7.12,65.86257217573221,377.0,4.5,66.4,3.8,0.23113116679523182,1435
nwisca.01.02104121,8.1,162.09405044510385,246.45972997594052,7.12,65.86257217573221,170.0,2.16,66.4,3.2,0.23111275050400631,1436
nwisca.01.02003361,7.5,162.09405044510385,246.45972997594052,7.12,65.86257217573221,127.0,1.6,66.4,3.2,0.23067582726310576,1437
nwisca.01.02105152,7.8,162.09405044510385,246.45972997594052,7.12,65.86257217573221,150.0,1.91,66.4,3.2,0.23026245885008906,1438
HPUL1EPA_WQX-MC-02:20230830:0943:FM:PS:,6.95,162.09405044510385,163.0,7.12,65.86257217573221,251.4,3.1233735705209655,66.4,3.8,0.23007483184931166,1439
nwisca.01.02003344,8.3,162.09405044510385,246.45972997594052,7.12,65.86257217573221,209.0,2.2,66.4,3.1,0.2298292369249083,1440
nwisca.01.02003785,7.7,162.09405044510385,246.45972997594052,7.12,65.86257217573221,167.0,1.6,66.4,3.1,0.22964093288227588,1441
HPUL1EPA_WQX-CD-01:20230405:1210:FM:PS:,7.91,162.09405044510385,120.0,7.12,65.86257217573221,184.7,3.1233735705209655,66.4,3.36,0.22915513909946422,1442
nwisca.01.02003789,7.8,162.09405044510385,246.45972997594052,7.12,65.86257217573221,154.0,1.5,66.4,3.0,0.22882405059030345,1443
nwisca.01.02102604,7.9,162.09405044510385,246.45972997594052,7.12,65.86257217573221,214.0,2.3,66.4,3.2,0.22841028975020222,1444
nwisca.01.02206768,7.3,162.09405044510385,246.45972997594052,7.12,65.86257217573221,73.0,2.33,66.4,3.4,0.22806139438550327,1445
nwisca.01.02002263,6.9,162.09405044510385,246.45972997594052,7.12,30.0,111.0,3.1233735705209655,66.4,3.7,0.2276931723013989,1446
nwisca.01.02001404,7.4,162.09405044510385,246.45972997594052,7.12,65.86257217573221,352.0,4.5,66.4,3.6,0.2270328322912414,1447
nwisca.01.02204701,7.6,38.6,547.5225,7.12,2.95,102.0,1.48,66.4,2.9,0.22664410239128888,1448
nwisca.01.02001406,7.4,162.09405044510385,246.45972997594052,7.12,65.86257217573221,287.0,3.7,66.4,3.5,0.2262952058194953,1449
OVIWC-LP-SS-2-20230727-F,7.53,162.09405044510385,111.0,7.12,65.86257217573221,170.3,3.1233735705209655,66.4,3.38,0.22620074982160762,1450
HPUL1EPA_WQX-MC-04:20230412:0940:FM:PS:,7.69,162.09405044510385,116.0,7.12,65.86257217573221,178.1,3.1233735705209655,66.4,3.32,0.22615203816003143,1451
CA_BVR-AC3:20220421:1232:FM:PS:0.082:Hydro,7.73,162.09405044510385,0.2325,7.12,65.86257217573221,0.3633,3.1233735705209655,66.4,2.3,0.22612243610511182,1452
CA_BVR-MC2:20210302:0205:FM:PS:0.101:Hydro,8.07,162.09405044510385,0.1458,7.12,65.86257217573221,0.2279,3.1233735705209655,66.4,1.9,0.22561051677835228,1453
NARS_WQX-253100_2324,7.88,162.09405044510385,246.45972997594052,7.12,4.07,338.4017245542537,1.16,66.4,2.7,0.22513306692465557,1454
MORONGO1_WQX-M001110520,8.78,162.09405044510385,233.77,7.12,65.86257217573221,359.6,3.1233735705209655,66.4,2.94,0.22510266771362963,1455
MORONGO1_WQX-HE1020122,7.99,162.09405044510385,180.57,7.12,65.86257217573221,277.8,3.1233735705209655,66.4,3.17,0.22485426032347716,1456
HPUL1EPA_WQX-CC-02:20230405:1305:FM:PS:,8.32,162.09405044510385,120.0,7.12,65.86257217573221,184.6,3.1233735705209655,66.4,3.06,0.22469792760294288,1457
nwisca.01.02102614,7.9,162.09405044510385,246.45972997594052,7.12,65.86257217573221,547.0,7.0,66.4,3.4,0.2245368398975836,1458
CA_BVR-LC01:20220614:1022:FM:PS:0.696:Hydro,8.03,162.09405044510385,0.2643,7.12,65.86257217573221,0.413,3.1233735705209655,66.4,2.3,0.22437898146041288,1459
21NEV1_WQX-7182212-L-0.000,7.775573846153846,162.09405044510385,190.0,7.12,30.0,330.0,3.1233735705209655,66.4,3.2,0.22372680075537732,1460
nwisca.01.02104563,8.5,162.09405044510385,246.45972997594052,7.12,65.86257217573221,239.0,2.5,66.4,2.9,0.2237190456357764,1461
MORONGO1_WQX-BearCanyon102221,8.41,162.09405044510385,398.9,7.12,65.86257217573221,613.7,3.1233735705209655,66.4,2.99,0.2233189450451607,1462
MORONGO1_WQX-HE1102720,7.84,162.09405044510385,171.94,7.12,65.86257217573221,264.5,3.1233735705209655,66.4,3.16,0.22321304863364705,1463
nwisca.01.02003416,7.9,162.09405044510385,246.45972997594052,7.12,65.86257217573221,142.0,1.8,66.4,2.9,0.22309418778476944,1464
nwisca.01.02104120,8.1,162.09405044510385,246.45972997594052,7.12,65.86257217573221,176.0,2.03,66.4,2.9,0.22295531048916897,1465
nwisca.01.02003419,8.6,162.09405044510385,246.45972997594052,7.12,65.86257217573221,152.0,2.2,66.4,2.8,0.22288602629661472,1466
CA_BVR-FC1:20210325:0842:FM:PS:0.073:Hydro,7.51,162.09405044510385,0.1856,7.12,65.86257217573221,0.2897,3.1233735705209655,66.4,2.1,0.22194598991449233,1467
nwisca.01.02200011,7.699999999999999,82.1,136.8075,7.12,20.9,294.5,1.85,66.4,2.9,0.22153794142553798,1468
NARS_WQX-253700_2324,7.91,162.09405044510385,246.45972997594052,7.12,0.182,338.4017245542537,8.18,66.4,3.3,0.2215082401219348,1469
nwisca.01.02001409,7.3,162.09405044510385,246.45972997594052,7.12,65.86257217573221,102.0,2.6,66.4,3.2,0.2214798472299383,1470
nwisca.01.02203353,7.775573846153846,180.0,246.45972997594052,7.12,30.3,360.0,2.99,66.4,3.1,0.22125665900844133,1471
CA_BVR-AC2:20200211:1002:FM:PS:0.152:Hydro,7.66,162.09405044510385,0.1702,7.12,65.86257217573221,0.2656,3.1233735705209655,66.4,2.0,0.22085849749899517,1472
nwisca.01.02003790,7.8,162.09405044510385,246.45972997594052,7.12,65.86257217573221,258.0,2.5,66.4,3.0,0.2205753883533156,1473
MORONGO1_WQX-M001121423,8.57,162.09405044510385,245.0,7.12,65.86257217573221,377.3,3.1233735705209655,66.4,2.86,0.22052305621726243,1474
nwisca.01.02101350,8.1,68.8,688.29,7.12,5.69,183.0,1.64,66.4,2.7,0.22047235618559718,1475
nwisca.01.02103085,7.7,162.09405044510385,246.45972997594052,7.12,65.86257217573221,161.0,1.32,66.4,2.7,0.22032226023331747,1476
nwisca.01.02102111,8.4,162.09405044510385,246.45972997594052,7.12,28.1,832.5,3.1233735705209655,66.4,2.9,0.22031082683555683,1477
MORONGO1_WQX-HW1091522,8.25,162.09405044510385,200.74,7.12,65.86257217573221,308.8,3.1233735705209655,66.4,2.94,0.22029066042659068,1478
nwisca.01.02102609,8.1,162.09405044510385,246.45972997594052,7.12,65.86257217573221,387.0,4.9,66.4,3.1,0.22026706641406457,1479
nwisca.01.02001974,7.8,162.09405044510385,246.45972997594052,7.12,65.86257217573221,587.0,2.58,66.4,3.0,0.22016405208164128,1480
HPUL1EPA_WQX-MC-04:20230816:1138:FM:PS:,6.86,162.09405044510385,188.0,7.12,65.86257217573221,288.9,3.1233735705209655,66.4,3.35,0.21933412745814326,1481
nwisca.01.02002488,7.6,218.0,305.20666666666665,7.12,65.3,771.5,6.73,66.4,3.3,0.2192752935858405,1482
nwisca.01.02003341,7.8,162.09405044510385,246.45972997594052,7.12,65.86257217573221,250.0,2.9,66.4,3.0,0.21887775205499968,1483
nwisca.01.02204962,7.65,40.4,521.0225,7.12,2.96,104.5,1.56,66.4,2.7,0.2187149568592487,1484
nwisca.01.02102599,7.5,162.09405044510385,246.45972997594052,7.12,65.86257217573221,174.0,1.6,66.4,2.8,0.21812479920950037,1485
CA_BVR-AND01:20220817:1009:FM:PS:0.262:Hydro,7.59,162.09405044510385,0.0908,7.12,65.86257217573221,0.1418,3.1233735705209655,66.4,1.5,0.217838472630963,1486
nwisca.01.02003349,7.5,162.09405044510385,246.45972997594052,7.12,65.86257217573221,189.0,2.0,66.4,2.9,0.21772307643993274,1487
nwisca.01.02102610,7.9,162.09405044510385,246.45972997594052,7.12,65.86257217573221,425.0,5.9,66.4,3.1,0.21738039097128592,1488
nwisca.01.02102613,7.9,162.09405044510385,246.45972997594052,7.12,65.86257217573221,442.0,6.2,66.4,3.1,0.21712657247575518,1489
NARS_WQX-244520_2324,7.78,162.09405044510385,246.45972997594052,7.12,4.31,338.4017245542537,1.6,66.4,2.7,0.21692225187763364,1490
nwisca.01.02003431,7.7,162.09405044510385,246.45972997594052,7.12,65.86257217573221,147.0,1.9,66.4,2.8,0.21691775470448502,1491
MORONGO1_WQX-HW1021120,8.0,162.09405044510385,179.29,7.12,65.86257217573221,275.8,3.1233735705209655,66.4,2.9,0.21670718822254867,1492
HPUL1EPA_WQX-MC-04:20231115:1400:FM:PS:,7.03,162.09405044510385,176.0,7.12,65.86257217573221,270.2,3.1233735705209655,66.4,3.19,0.2166831241041654,1493
MORONGO1_WQX-H000020122,8.18,162.09405044510385,225.58,7.12,65.86257217573221,347.0,3.1233735705209655,66.4,2.85,0.2166365957760021,1494
nwisca.01.02003796,7.9,162.09405044510385,246.45972997594052,7.12,65.86257217573221,266.0,2.3,66.4,2.8,0.2158756388296766,1495
nwisca.01.02003354,7.9,162.09405044510385,246.45972997594052,7.12,65.86257217573221,360.0,3.1,66.4,2.9,0.2158610029155181,1496
MORONGO1_WQX-M001042121,8.62,162.09405044510385,270.69,7.12,65.86257217573221,416.5,3.1233735705209655,66.4,2.7,0.21516226902739483,1497
nwisca.01.02003791,7.8,162.09405044510385,246.45972997594052,7.12,65.86257217573221,261.0,2.3,66.4,2.8,0.21496751996276012,1498
nwisca.01.02301294,8.0,235.0,136.185,7.12,41.1,522.0,2.0,66.4,2.7,0.214811899734691,1499
nwisca.01.02201173,7.775573846153846,190.0,114.655,7.12,34.5,367.0,3.24,66.4,2.9,0.21418321486131678,1500
HPUL1EPA_WQX-AC-01:20230614:1348:FM:PS:,7.36,162.09405044510385,211.0,7.12,65.86257217573221,324.9,3.1233735705209655,66.4,3.0,0.21410574871236035,1501
OVIWC-LP-SS-1-20220929-F,8.04,162.09405044510385,51.0,7.12,65.86257217573221,77.8,3.1233735705209655,66.4,2.79,0.21338187376313772,1502
HPUL1EPA_WQX-AC-01:20230531:1202:FM:PS:,7.52,162.09405044510385,197.0,7.12,65.86257217573221,303.5,3.1233735705209655,66.4,2.9,0.21233908539263122,1503
nwisca.01.02001973,8.2,162.09405044510385,246.45972997594052,7.12,65.86257217573221,997.0,4.37,66.4,2.8,0.21222245914036644,1504
nwisca.01.02105784,7.4,162.09405044510385,246.45972997594052,7.12,65.86257217573221,537.0,2.85,66.4,2.9,0.21217472445450106,1505
HPUL1EPA_WQX-CC-02:20230607:1328:FM:PS:,7.57,162.09405044510385,170.0,7.12,65.86257217573221,261.5,3.1233735705209655,66.4,2.88,0.21212907804192127,1506
NARS_WQX-233520_2324,7.4,162.09405044510385,246.45972997594052,7.12,1.31,338.4017245542537,1.74,66.4,2.7,0.2119188558483755,1507
21NEV1_WQX-7182391-L-0.000,7.775573846153846,162.09405044510385,260.0,7.12,60.0,490.0,3.1233735705209655,66.4,2.8,0.21119112422476508,1508
HPUL1EPA_WQX-MC-03:20210617:1030:FM:PS:,7.77,162.09405044510385,145.0,7.12,65.86257217573221,221.5,3.1233735705209655,66.4,2.8,0.2111738425353806,1509
nwisca.01.02102944,7.8,162.09405044510385,246.45972997594052,7.12,65.86257217573221,211.0,3.3,66.4,2.8,0.21092180312923373,1510
HPUL1EPA_WQX-MC-02:20231213:1253:FM:PS:,7.25,162.09405044510385,147.0,7.12,65.86257217573221,225.9,3.1233735705209655,66.4,2.91,0.2102322017980765,1511
nwisca.01.02104566,7.8,162.09405044510385,246.45972997594052,7.12,65.86257217573221,193.0,1.9,66.4,2.6,0.21009891797348845,1512
CA_BVR-FC2:20220223:1456:FM:PS:0.203:Hydro,7.9,162.09405044510385,0.2327,7.12,65.86257217573221,0.3636,3.1233735705209655,66.4,2.0,0.20934375965472884,1513
nwisca.01.02003352,7.3,162.09405044510385,246.45972997594052,7.12,65.86257217573221,757.0,2.5,66.4,2.8,0.2093168780162901,1514
nwisca.01.02003350,7.6,162.09405044510385,246.45972997594052,7.12,65.86257217573221,145.0,1.8,66.4,2.6,0.20920447106676188,1515
HPUL1EPA_WQX-MC-02:20230510:0910:FM:PS:,7.59,162.09405044510385,125.0,7.12,65.86257217573221,192.6,3.1233735705209655,66.4,2.78,0.20882591309642276,1516
nwisca.01.02104565,8.3,162.09405044510385,246.45972997594052,7.12,65.86257217573221,205.0,2.1,66.4,2.5,0.20878103463633874,1517
nwisca.01.02102611,8.0,162.09405044510385,246.45972997594052,7.12,65.86257217573221,232.0,2.4,66.4,2.6,0.20852815089086496,1518
nwisca.01.02003358,7.7,162.09405044510385,246.45972997594052,7.12,65.86257217573221,140.0,2.0,66.4,2.6,0.20840577524897813,1519
nwisca.01.02205413,7.6,61.7,75.59,7.12,11.0,204.0,2.06,66.4,2.6,0.20830981129545556,1520
nwisca.01.02102621,8.1,162.09405044510385,246.45972997594052,7.12,65.86257217573221,320.0,4.0,66.4,2.7,0.20828363636321112,1521
nwisca.01.02001411,7.5,162.09405044510385,246.45972997594052,7.12,65.86257217573221,234.0,3.4,66.4,2.8,0.2079137332605744,1522
HPUL1EPA_WQX-RC-01:20231227:0821:FM:PS:,7.07,162.09405044510385,120.0,7.12,65.86257217573221,184.6,3.1233735705209655,66.4,2.87,0.20726576626834253,1523
nwisca.01.02202080,8.0,59.6,781.7825,7.12,6.56,157.5,3.1233735705209655,66.4,2.6,0.20694888085351293,1524
nwisca.01.02003433,8.0,162.09405044510385,246.45972997594052,7.12,65.86257217573221,164.0,2.0,66.4,2.5,0.20680355499849684,1525
nwisca.01.02003342,7.9,162.09405044510385,246.45972997594052,7.12,65.86257217573221,214.0,2.6,66.4,2.6,0.2066367738639146,1526
HPUL1EPA_WQX-LC-01:20230621:1001:FM:PS:,7.54,162.09405044510385,533.0,7.12,65.86257217573221,820.0,3.1233735705209655,66.4,2.73,0.20646977734464175,1527
HPUL1EPA_WQX-LC-01:20230531:0950:FM:PS:,7.43,162.09405044510385,498.0,7.12,65.86257217573221,766.0,3.1233735705209655,66.4,2.75,0.2062181904402356,1528
nwisca.01.02003418,8.5,162.09405044510385,246.45972997594052,7.12,65.86257217573221,147.0,2.1,66.4,2.4,0.2059501937566609,1529
nwisca.01.02204282,7.7,33.1,51.2175,7.12,4.03,94.0,1.66,66.4,2.4,0.20571101949651144,1530
nwisca.01.02102605,7.9,162.09405044510385,246.45972997594052,7.12,65.86257217573221,214.0,2.2,66.4,2.5,0.2044752354023761,1531
nwisca.01.02100384,7.8,162.09405044510385,246.45972997594052,7.12,65.86257217573221,155.0,1.6,66.4,2.4,0.2041651518191821,1532
HPUL1EPA_WQX-LC-01:20230517:0935:FM:PS:,7.66,162.09405044510385,438.0,7.12,65.86257217573221,674.0,3.1233735705209655,66.4,2.64,0.20406150464925793,1533
OVIWC-LP-SS-2-20220428-F,8.67,162.09405044510385,238.0,7.12,65.86257217573221,365.7,3.1233735705209655,66.4,2.42,0.20360111400049968,1534
HPUL1EPA_WQX-AC-01:20230517:1145:FM:PS:,7.65,162.09405044510385,191.0,7.12,65.86257217573221,294.5,3.1233735705209655,66.4,2.63,0.2035924081610727,1535
21NEV1_WQX-7182404-L-0.000,7.775573846153846,162.09405044510385,250.0,7.12,49.0,680.0,3.1233735705209655,66.4,2.6,0.20347738390017373,1536
nwisca.01.02102003,7.9,162.09405044510385,246.45972997594052,7.12,65.86257217573221,502.0,6.7,66.4,2.7,0.20334717779958572,1537
HPUL1EPA_WQX-MC-04:20231004:1345:FM:PS:,7.37,162.09405044510385,180.0,7.12,65.86257217573221,276.8,3.1233735705209655,66.4,2.68,0.20303969752401502,1538
nwisca.01.02105220,8.0,64.4,659.7875,7.12,6.2,178.0,1.55,66.4,2.3,0.20271599177774333,1539
GLEC-NRSA2.2-10124-0,8.16,162.09405044510385,876.0,7.12,65.86257217573221,1348.0,3.1233735705209655,66.4,2.5,0.20264694658343652,1540
HPUL1EPA_WQX-CD-01:20230215:1533:FM:PS:,7.77,162.09405044510385,166.0,7.12,65.86257217573221,255.5,3.1233735705209655,66.4,2.57,0.20220033638681317,1541
nwisca.01.02101004,7.6,162.09405044510385,246.45972997594052,7.12,49.6,123.0,3.1233735705209655,66.4,2.6,0.2019711412039532,1542
nwisca.01.02205281,7.7,42.5,487.775,7.12,2.91,109.5,1.49,66.4,2.3,0.20186611476855718,1543
nwisca.01.02105155,7.4,162.09405044510385,246.45972997594052,7.12,65.86257217573221,277.0,2.66,66.4,2.6,0.2018097683790383,1544
HPUL1EPA_WQX-MC-04:20230621:1026:FM:PS:,8.25,162.09405044510385,148.0,7.12,65.86257217573221,226.9,3.1233735705209655,66.4,2.46,0.20169020990078107,1545
MORONGO1_WQX-HE1042722,7.84,162.09405044510385,172.26,7.12,65.86257217573221,265.0,3.1233735705209655,66.4,2.54,0.2015457042723996,1546
nwisca.01.02001436,7.1,162.09405044510385,246.45972997594052,7.12,51.9,132.0,3.1233735705209655,66.4,2.7,0.20141393144690806,1547
HPUL1EPA_WQX-MC-03:20210609:1021:FM:PS:,6.69,162.09405044510385,131.0,7.12,65.86257217573221,202.1,3.1233735705209655,66.4,2.8,0.20136150995036348,1548
nwisca.01.02001786,7.5,162.09405044510385,246.45972997594052,7.12,65.86257217573221,204.0,3.1,66.4,2.6,0.20109283192361282,1549
nwisca.01.02104577,7.65,31.2,81.02,7.12,3.63,90.5,1.64,66.4,2.3,0.2006435587327491,1550
nwisca.01.02102602,7.9,162.09405044510385,246.45972997594052,7.12,65.86257217573221,209.0,2.1,66.4,2.4,0.20046841092295326,1551
nwisca.01.02202062,7.85,94.1,255.825,7.12,39.5,369.0,3.1233735705209655,66.4,2.5,0.2004290398416289,1552
nwisca.01.02202796,8.0,113.0,246.45972997594052,7.12,11.6,256.5,3.74,66.4,2.5,0.19995412478105806,1553
nwisca.01.02102600,7.5,162.09405044510385,246.45972997594052,7.12,65.86257217573221,193.0,1.8,66.4,2.4,0.19928184542615274,1554
nwisca.01.02103091,7.5,162.09405044510385,246.45972997594052,7.12,65.86257217573221,168.0,1.41,66.4,2.3,0.1989435908503441,1555
nwisca.01.02001789,7.7,162.09405044510385,246.45972997594052,7.12,65.86257217573221,208.0,3.1,66.4,2.5,0.198594356784781,1556
nwisca.01.02003783,7.6,162.09405044510385,246.45972997594052,7.12,65.86257217573221,150.0,1.5,66.4,2.3,0.19855168417584837,1557
nwisca.01.02102943,7.7,162.09405044510385,246.45972997594052,7.12,65.86257217573221,217.0,3.4,66.4,2.5,0.1977150051768301,1558
nwisca.01.02001790,7.6,162.09405044510385,246.45972997594052,7.12,65.86257217573221,212.0,3.2,66.4,2.5,0.19737355767598502,1559
HPUL1EPA_WQX-LC-01:20230208:1600:FM:PS:,8.29,162.09405044510385,238.0,7.12,65.86257217573221,366.6,3.1233735705209655,66.4,2.36,0.19719963664453324,1560
HPUL1EPA_WQX-AC-01:20230524:1514:FM:PS:,7.65,162.09405044510385,192.0,7.12,65.86257217573221,296.0,3.1233735705209655,66.4,2.48,0.19714132959909242,1561
nwisca.01.02003434,8.0,162.09405044510385,246.45972997594052,7.12,65.86257217573221,158.0,2.0,66.4,2.3,0.19705015852951155,1562
HPUL1EPA_WQX-LC-01:20230524:0838:FM:PS:,7.34,162.09405044510385,478.0,7.12,65.86257217573221,735.0,3.1233735705209655,66.4,2.54,0.19696768091677952,1563
nwisca.01.02001906,8.6,162.09405044510385,246.45972997594052,7.12,45.5,813.0,3.1233735705209655,66.4,2.3,0.19689701370904486,1564
nwisca.01.02004373,7.5,162.09405044510385,246.45972997594052,7.12,24.7,84.0,3.1233735705209655,66.4,2.5,0.19679761254358913,1565
HPUL1EPA_WQX-MC-02:20231227:0915:FM:PS:,7.55,162.09405044510385,128.0,7.12,65.86257217573221,197.6,3.1233735705209655,66.4,2.49,0.19670918167293788,1566
nwisca.01.02200819,7.8,154.0,118.66,7.12,32.5,388.5,4.43,66.4,2.5,0.19653214244434108,1567
HPUL1EPA_WQX-MC-01:20230517:1336:FM:PS:,7.48,162.09405044510385,125.0,7.12,65.86257217573221,192.3,3.1233735705209655,66.4,2.49,0.19607470058819215,1568
nwisca.01.02002313,7.6,162.09405044510385,246.45972997594052,7.12,65.86257217573221,180.0,1.73,66.4,2.3,0.19580682238394084,1569
nwisca.01.02102945,7.9,162.09405044510385,246.45972997594052,7.12,65.86257217573221,206.0,3.1,66.4,2.4,0.19573816859736165,1570
nwisnv.01.02201136,7.0,162.09405044510385,246.45972997594052,7.12,65.86257217573221,123.0,2.31,66.4,2.5,0.19567341216775042,1571
HPUL1EPA_WQX-AC-01:20230201:1305:FM:PS:,7.74,162.09405044510385,177.0,7.12,65.86257217573221,272.0,3.1233735705209655,66.4,2.43,0.19563627471207606,1572
nwisca.01.02104564,8.6,162.09405044510385,246.45972997594052,7.12,65.86257217573221,217.0,2.2,66.4,2.2,0.19553799982923656,1573
HPUL1EPA_WQX-CC-02:20220201:1550:FM:PS:,8.21,162.09405044510385,87.0,7.12,65.86257217573221,134.3,3.1233735705209655,66.4,2.34,0.19552018343800867,1574
CA_BVR-AC2:20200109:0942:FM:PS:0.037:Hydro,7.71,162.09405044510385,0.1742,7.12,65.86257217573221,0.2717,3.1233735705209655,66.4,1.7,0.19542213824157537,1575
nwisca.01.02001412,7.5,162.09405044510385,246.45972997594052,7.12,65.86257217573221,211.0,3.7,66.4,2.5,0.19516409282152342,1576
nwisca.01.02003792,7.4,162.09405044510385,246.45972997594052,7.12,65.86257217573221,264.0,2.3,66.4,2.4,0.1946341401112897,1577
HPUL1EPA_WQX-CC-02:20230517:1515:FM:PS:,7.76,162.09405044510385,172.0,7.12,65.86257217573221,264.4,3.1233735705209655,66.4,2.4,0.19437661799086497,1578
nwisca.01.02002520,8.3,162.09405044510385,246.45972997594052,7.12,65.86257217573221,148.0,2.0,66.4,2.2,0.1942397248912278,1579
CA_BVR-KC1:20210329:1131:FM:PS:0.114:Hydro,8.1,162.09405044510385,0.1567,7.12,65.86257217573221,0.2448,3.1233735705209655,66.4,1.6,0.19411378334827467,1580
HPUL1EPA_WQX-MC-01:20231004:1000:FM:PS:,7.08,162.09405044510385,137.0,7.12,65.86257217573221,211.1,3.1233735705209655,66.4,2.51,0.1933297006291449,1581
MORONGO1_WQX-LMO101922,8.41,162.09405044510385,239.97,7.12,65.86257217573221,369.2,3.1233735705209655,66.4,2.26,0.193031174418552,1582
nwisca.01.02304406,8.05,232.0,309.88,7.12,72.2,799.5,5.79,66.4,2.4,0.19219795776985354,1583
nwisca.01.02101931,8.05,219.0,320.8833333333333,7.12,78.1,822.0,5.96,66.4,2.4,0.19207869435762343,1584
CA_BVR-AC2:20220401:1100:FM:PS:0.17:Hydro,8.57,162.09405044510385,0.2248,7.12,65.86257217573221,0.3513,3.1233735705209655,66.4,1.7,0.191984360414207,1585
nwisca.01.02003417,8.0,162.09405044510385,246.45972997594052,7.12,65.86257217573221,145.0,2.0,66.4,2.2,0.1915143389766298,1586
nwisca.01.02203347,8.2,137.0,246.45972997594052,7.12,21.0,282.0,3.91,66.4,2.3,0.1914534484185084,1587
HPUL1EPA_WQX-MC-03:20230517:1419:FM:PS:,7.37,162.09405044510385,130.0,7.12,65.86257217573221,200.3,3.1233735705209655,66.4,2.41,0.1913324582206803,1588
CA_BVR-MCC1:20210421:0504:FM:PS:0.24:Hanna,7.42,162.09405044510385,593.0,7.12,65.86257217573221,1183.0,3.1233735705209655,66.4,2.4,0.19124607037421998,1589
nwisca.01.02105505,7.75,68.1,113.8,7.12,14.3,236.0,1.89,66.4,2.2,0.19119790027021757,1590
MORONGO1_WQX-HE1020221,7.73,162.09405044510385,180.92,7.12,65.86257217573221,278.3,3.1233735705209655,66.4,2.34,0.1911045462149902,1591
MORONGO1_WQX-LMO042121,8.22,162.09405044510385,226.84,7.12,65.86257217573221,349.0,3.1233735705209655,66.4,2.24,0.19019784758433633,1592
nwisca.01.02100141,7.7,162.09405044510385,246.45972997594052,7.12,65.86257217573221,152.0,1.9,66.4,2.2,0.18959330585915743,1593
21NEV1_WQX-7181985-L-0.000,7.775573846153846,162.09405044510385,85.0,7.12,1.8,110.0,3.1233735705209655,66.4,2.3,0.1895083290162469,1594
21NEV1_WQX-7156606-L-0.000,7.775573846153846,162.09405044510385,117.0,7.12,14.0,179.0,3.1233735705209655,66.4,2.3,0.18946103125088373,1595
21NEV1_WQX-7182411-L-0.000,7.775573846153846,162.09405044510385,170.0,7.12,28.0,330.0,3.1233735705209655,66.4,2.3,0.18942652901624688,1596
HPUL1EPA_WQX-CC-02:20230614:1145:FM:PS:,7.37,162.09405044510385,176.0,7.12,65.86257217573221,270.7,3.1233735705209655,66.4,2.37,0.18935054503379464,1597
nwisca.01.02001413,7.4,162.09405044510385,246.45972997594052,7.12,65.86257217573221,227.0,4.2,66.4,2.4,0.1885845022465767,1598
nwisca.01.02002309,7.6,162.09405044510385,246.45972997594052,7.12,65.86257217573221,184.0,1.95,66.4,2.2,0.18825311763738686,1599
nwisca.01.02003343,7.9,162.09405044510385,246.45972997594052,7.12,65.86257217573221,206.0,2.4,66.4,2.2,0.18801101805972728,1600
nwisca.01.02004354,7.9,162.09405044510385,246.45972997594052,7.12,65.86257217573221,387.0,2.4,66.4,2.2,0.1879803746112438,1601
nwisca.01.02102601,7.5,162.09405044510385,246.45972997594052,7.12,65.86257217573221,188.0,1.9,66.4,2.2,0.18775812054153554,1602
CA_BVR-AC2:20220302:0927:FM:PS:0.151:Hydro,7.8,162.09405044510385,0.2097,7.12,65.86257217573221,0.3277,3.1233735705209655,66.4,1.7,0.18775126803602163,1603
nwisca.01.02001788,7.6,162.09405044510385,246.45972997594052,7.12,65.86257217573221,226.0,3.2,66.4,2.3,0.18761309208145308,1604
HPUL1EPA_WQX-CD-01:20230412:0905:FM:PS:,7.57,162.09405044510385,130.0,7.12,65.86257217573221,200.6,3.1233735705209655,66.4,2.3,0.1875840590199421,1605
HPUL1EPA_WQX-AC-01:20230412:0850:FM:PS:,7.57,162.09405044510385,133.0,7.12,65.86257217573221,204.3,3.1233735705209655,66.4,2.3,0.18758284048026017,1606
nwisca.01.02002314,7.5,162.09405044510385,246.45972997594052,7.12,65.86257217573221,188.0,1.97,66.4,2.2,0.18718211199224352,1607
HPUL1EPA_WQX-MC-03:20231004:1032:FM:PS:,7.51,162.09405044510385,158.0,7.12,65.86257217573221,2.43,3.1233735705209655,66.4,2.2,0.18698216405072396,1608
nwisca.01.02001787,7.5,162.09405044510385,246.45972997594052,7.12,65.86257217573221,204.0,3.2,66.4,2.3,0.18671044169812998,1609
CA_BVR-AC1:20200109:0952:FM:PS:0.026:Hydro,7.8,162.09405044510385,0.1714,7.12,65.86257217573221,0.268,3.1233735705209655,66.4,1.6,0.18661364699794075,1610
HPUL1EPA_WQX-SC-01:20230405:1415:FM:PS:,8.26,162.09405044510385,285.0,7.12,65.86257217573221,438.7,3.1233735705209655,66.4,2.17,0.18651411796943934,1611
HPUL1EPA_WQX-LC-01:20230405:1451:FM:PS:,8.26,162.09405044510385,285.0,7.12,65.86257217573221,438.7,3.1233735705209655,66.4,2.17,0.18651411796943934,1611
OVIWC-LP-SS-3-20231006-F,8.36,162.09405044510385,219.0,7.12,65.86257217573221,337.5,3.1233735705209655,66.4,2.15,0.1862299906223837,1613
nwisnv.01.02200382,7.1,162.09405044510385,246.45972997594052,7.12,65.86257217573221,86.0,2.43,66.4,2.3,0.18621475527686712,1614
MORONGO1_WQX-MCN042121,8.48,162.09405044510385,276.67,7.12,65.86257217573221,425.6,3.1233735705209655,66.4,2.11,0.1848393491315989,1615
MORONGO1_WQX-H000041823,8.25,162.09405044510385,313.8,7.12,65.86257217573221,482.8,3.1233735705209655,66.4,2.14,0.18460830511043005,1616
CA_BVR-AC3:20220223:1328:FM:PS:0.363:Hydro,7.64,162.09405044510385,0.219,7.12,65.86257217573221,0.3421,3.1233735705209655,66.4,1.7,0.18456303745067562,1617
nwisca.01.02001785,7.3,162.09405044510385,246.45972997594052,7.12,65.86257217573221,216.0,3.4,66.4,2.3,0.18432240775576517,1618
NARS_WQX-241100_2324,8.02,162.09405044510385,246.45972997594052,7.12,23.9,338.4017245542537,4.17,66.4,2.2,0.18362905007543903,1619
nwisca.01.02104116,7.7,162.09405044510385,246.45972997594052,7.12,65.86257217573221,633.0,3.04,66.4,2.2,0.18344688471298634,1620
nwisca.01.02102620,8.0,162.09405044510385,246.45972997594052,7.12,65.86257217573221,380.0,4.9,66.4,2.2,0.18234248892477598,1621
CA_BVR-MC2:20211109:0835:FM:PS:0.203:Hydro,7.67,162.09405044510385,0.1469,7.12,65.86257217573221,0.2301,3.1233735705209655,66.4,1.5,0.18203949412387327,1622
nwisca.01.02301326,7.5,162.09405044510385,246.45972997594052,7.12,4.46,56.0,3.1233735705209655,66.4,2.2,0.18157795182930345,1623
nwisca.01.02002454,8.9,162.09405044510385,246.45972997594052,7.12,27.4,565.0,3.1233735705209655,66.4,2.0,0.18133809519500854,1624
MORONGO1_WQX-HW1042022,8.06,162.09405044510385,203.21,7.12,65.86257217573221,312.6,3.1233735705209655,66.4,2.11,0.18103263102097053,1625
MORONGO1_WQX-MCN071321,8.58,162.09405044510385,278.99,7.12,65.86257217573221,429.2,3.1233735705209655,66.4,2.03,0.18050922276677694,1626
nwisca.01.02102616,7.9,162.09405044510385,246.45972997594052,7.12,65.86257217573221,514.0,7.0,66.4,2.2,0.17953842406378204,1627
OVIWC-LP-SS-4-20220125-F,8.51,162.09405044510385,220.0,7.12,65.86257217573221,337.7,3.1233735705209655,66.4,2.02,0.17919733344207495,1628
nwisca.01.02200939,7.9,162.09405044510385,246.45972997594052,7.12,9.7,217.5,3.1233735705209655,66.4,2.1,0.1789639242095094,1629
nwisca.01.02202797,8.1,114.0,80.11,7.12,12.0,257.5,4.11,66.4,2.1,0.1787402152422759,1630
nwisca.01.02003351,7.4,162.09405044510385,246.45972997594052,7.12,65.86257217573221,182.0,2.2,66.4,2.1,0.17856944153269444,1631
HPUL1EPA_WQX-AC-01:20230510:0934:FM:PS:,7.61,162.09405044510385,191.0,7.12,65.86257217573221,294.5,3.1233735705209655,66.4,2.13,0.17819262334780323,1632
CA_BVR-MC2:20210316:1024:FM:PS:0.152:Hydro,7.79,162.09405044510385,0.1297,7.12,65.86257217573221,0.2026,3.1233735705209655,66.4,1.4,0.17773510835454026,1633
HPUL1EPA_WQX-LC-01:20230412:1004:FM:PS:,7.69,162.09405044510385,317.0,7.12,65.86257217573221,487.8,3.1233735705209655,66.4,2.11,0.17765348720053217,1634
nwisca.01.02100387,8.1,162.09405044510385,246.45972997594052,7.12,65.86257217573221,131.0,1.5,66.4,1.9,0.17743513204741604,1635
HPUL1EPA_WQX-MC-03:20230816:1037:FM:PS:,6.84,162.09405044510385,187.0,7.12,65.86257217573221,280.3,3.1233735705209655,66.4,2.23,0.17710033258895325,1636
nwisca.01.02002493,7.6,162.09405044510385,246.45972997594052,7.12,37.72,59.0,3.1233735705209655,66.4,2.1,0.1764033590216873,1637
HPUL1EPA_WQX-RC-01:20230201:1110:FM:PS:,7.76,162.09405044510385,184.0,7.12,65.86257217573221,283.1,3.1233735705209655,66.4,2.08,0.17639247683798423,1638
nwisca.01.02203354,7.775573846153846,200.0,246.45972997594052,7.12,35.1,393.0,3.72,66.4,2.1,0.17607301979752987,1639
nwisca.01.02303547,7.949999999999999,225.0,295.5366666666667,7.12,81.0,761.0,4.67,66.4,2.1,0.17588632365437806,1640
nwisca.01.02300444,7.5,104.0,162.44666666666666,7.12,37.5,446.0,3.11,66.4,2.1,0.17578168891972012,1641
nwisca.01.02001791,7.6,162.09405044510385,246.45972997594052,7.12,65.86257217573221,217.0,3.4,66.4,2.1,0.1754344856963107,1642
nwisca.01.02102618,8.0,162.09405044510385,246.45972997594052,7.12,65.86257217573221,480.0,6.3,66.4,2.1,0.17486683528546942,1643
HPUL1EPA_WQX-LC-01:20230503:1536:FM:PS:,7.87,162.09405044510385,396.0,7.12,65.86257217573221,6.1,3.1233735705209655,66.4,2.01,0.17486095448064637,1644
nwisca.01.02102615,8.0,162.09405044510385,246.45972997594052,7.12,65.86257217573221,565.0,7.2,66.4,2.1,0.1742514939199335,1645
nwisca.01.02103090,7.5,162.09405044510385,246.45972997594052,7.12,65.86257217573221,755.0,3.84,66.4,2.1,0.1734430832556514,1646
nwisca.01.02102949,8.0,162.09405044510385,246.45972997594052,7.12,65.86257217573221,213.0,3.3,66.4,2.0,0.17266795574852556,1647
nwisca.01.02100385,7.8,162.09405044510385,246.45972997594052,7.12,65.86257217573221,155.0,1.7,66.4,1.9,0.17227621993063727,1648
CA_BVR-AC3:20200109:1036:FM:PS:0.046:Hydro,7.52,162.09405044510385,0.1755,7.12,65.86257217573221,0.2746,3.1233735705209655,66.4,1.5,0.1711702452348236,1649
CA_BVR-FC2:20220506:1012:FM:PS:0.289:Hydro,7.44,162.09405044510385,0.3121,7.12,65.86257217573221,0.4876,3.1233735705209655,66.4,1.7,0.17097195522654193,1650
nwisca.01.02105782,7.7,162.09405044510385,246.45972997594052,7.12,65.86257217573221,200.0,1.79,66.4,1.9,0.17043659345398246,1651
HPUL1EPA_WQX-MC-04:20220201:1610:FM:PS:,8.66,162.09405044510385,3.0,7.12,65.86257217573221,5.1,3.1233735705209655,66.4,1.85,0.17040723748422879,1652
nwisca.01.02100389,8.1,162.09405044510385,246.45972997594052,7.12,65.86257217573221,133.0,1.5,66.4,1.8,0.16923182833010753,1653
nwisca.01.02102619,8.0,162.09405044510385,246.45972997594052,7.12,65.86257217573221,422.0,5.6,66.4,2.0,0.1688032396303314,1654
nwisca.01.02003794,7.9,162.09405044510385,246.45972997594052,7.12,65.86257217573221,262.0,2.4,66.4,1.9,0.16786543496205866,1655
MORONGO1_WQX-HW1120820,7.61,162.09405044510385,192.31,7.12,65.86257217573221,295.9,3.1233735705209655,66.4,1.97,0.1674967605530297,1656
NARS_WQX-239740_2324,7.59,162.09405044510385,246.45972997594052,7.12,2.05,338.4017245542537,1.34,66.4,1.8,0.16698560933278211,1657
nwisca.01.02100379,8.1,162.09405044510385,246.45972997594052,7.12,65.86257217573221,178.0,1.7,66.4,1.8,0.16679048669528684,1658
HPUL1EPA_WQX-MC-02:20230517:1402:FM:PS:,7.43,162.09405044510385,129.0,7.12,65.86257217573221,198.0,3.1233735705209655,66.4,1.98,0.16660207033579694,1659
nwisca.01.02001410,7.2,162.09405044510385,246.45972997594052,7.12,65.86257217573221,70.0,1.8,66.4,1.9,0.1659208753947388,1660
HPUL1EPA_WQX-SC-01:20211006:1015:FM:PS:,7.65,162.09405044510385,144.0,7.12,65.86257217573221,244.1,3.1233735705209655,66.4,1.94,0.1656682343825582,1661
nwisca.01.02102947,7.8,162.09405044510385,246.45972997594052,7.12,65.86257217573221,198.0,3.1,66.4,1.9,0.16407514599009324,1662
HPUL1EPA_WQX-SC-01:20210707:0840:FM:PS:,7.6,162.09405044510385,143.0,7.12,65.86257217573221,245.0,3.1233735705209655,66.4,1.92,0.16370736467716987,1663
HPUL1EPA_WQX-SC-01:20210906:1316:FM:PS:,7.6,162.09405044510385,143.0,7.12,65.86257217573221,245.1,3.1233735705209655,66.4,1.92,0.16370734220071295,1664
HPUL1EPA_WQX-CD-01:20220201:1445:FM:PS:,8.2,162.09405044510385,87.0,7.12,65.86257217573221,134.2,3.1233735705209655,66.4,1.85,0.16367952248466713,1665
nwisca.01.02203352,7.5,441.0,246.45972997594052,7.12,104.0,835.5,2.41,66.4,1.9,0.16363831335525927,1666
nwisca.01.02203343,8.6,162.09405044510385,246.45972997594052,7.12,31.2,938.5,3.1233735705209655,66.4,1.8,0.16301798209860346,1667
nwisnv.01.02200756,7.1,162.09405044510385,246.45972997594052,7.12,65.86257217573221,39.0,2.12,66.4,1.9,0.16258223789869183,1668
nwisca.01.02003435,7.9,162.09405044510385,246.45972997594052,7.12,65.86257217573221,148.0,2.0,66.4,1.8,0.16227002792153083,1669
nwisca.01.02003432,7.8,162.09405044510385,246.45972997594052,7.12,65.86257217573221,147.0,1.9,66.4,1.8,0.16217208370881403,1670
nwisca.01.02001778,7.1,162.09405044510385,246.45972997594052,7.12,65.86257217573221,359.0,4.4,66.4,2.0,0.16212703413646945,1671
nwisca.01.02002519,7.9,162.09405044510385,246.45972997594052,7.12,65.86257217573221,336.0,4.4,66.4,1.9,0.16202075600440694,1672
CA_BVR-MID01:20220913:1047:FM:PS:0.175:Hydro,6.54,162.09405044510385,0.1765,7.12,65.86257217573221,0.2764,3.1233735705209655,66.4,1.5,0.16194106500755062,1673
HPUL1EPA_WQX-MC-01:20230524:1314:FM:PS:,7.44,162.09405044510385,125.0,7.12,65.86257217573221,193.0,3.1233735705209655,66.4,1.91,0.16150277332573762,1674
HPUL1EPA_WQX-AC-01:20230208:1111:FM:PS:,8.14,162.09405044510385,159.0,7.12,65.86257217573221,245.0,3.1233735705209655,66.4,1.83,0.16143151706167058,1675
MORONGO1_WQX-MCN122221,8.61,162.09405044510385,284.11,7.12,65.86257217573221,437.1,3.1233735705209655,66.4,1.77,0.16048414530938493,1676
nwisca.01.02100143,7.6,162.09405044510385,246.45972997594052,7.12,65.86257217573221,159.0,2.0,66.4,1.8,0.15953644604076495,1677
HPUL1EPA_WQX-LC-01:20230626:0740:FM:PS:,7.45,162.09405044510385,551.0,7.12,65.86257217573221,847.0,3.1233735705209655,66.4,1.88,0.15919619592297568,1678
nwisca.01.02001781,7.5,162.09405044510385,246.45972997594052,7.12,65.86257217573221,375.0,4.3,66.4,1.9,0.15854300542286057,1679
nwisca.01.02102946,7.9,162.09405044510385,246.45972997594052,7.12,65.86257217573221,200.0,3.0,66.4,1.8,0.1571129836422515,1680
MORONGO1_WQX-LMO071321,8.27,162.09405044510385,233.26,7.12,65.86257217573221,358.9,3.1233735705209655,66.4,1.76,0.1564995405478084,1681
nwisca.01.02100380,7.8,162.09405044510385,246.45972997594052,7.12,65.86257217573221,158.0,1.6,66.4,1.7,0.15603849845046017,1682
HPUL1EPA_WQX-LC-01:20230201:1125:FM:PS:,7.7,162.09405044510385,276.0,7.12,65.86257217573221,424.0,3.1233735705209655,66.4,1.81,0.1557145726469045,1683
HPUL1EPA_WQX-MC-02:20230703:0827:FM:PS:,7.32,162.09405044510385,133.0,7.12,65.86257217573221,205.1,3.1233735705209655,66.4,1.85,0.15564475563762728,1684
nwisca.01.02002312,7.7,162.09405044510385,246.45972997594052,7.12,65.86257217573221,517.0,2.94,66.4,1.8,0.1554629470165722,1685
HPUL1EPA_WQX-MC-01:20230215:1441:FM:PS:,7.75,162.09405044510385,115.0,7.12,65.86257217573221,177.4,3.1233735705209655,66.4,1.8,0.15535241021144175,1686
nwisca.01.02001975,7.7,162.09405044510385,246.45972997594052,7.12,65.86257217573221,61.0,1.62,66.4,1.7,0.15502759146483067,1687
HPUL1EPA_WQX-MC-04:20230503:1515:FM:PS:,7.94,162.09405044510385,136.0,7.12,65.86257217573221,209.7,3.1233735705209655,66.4,1.76,0.15352629734841233,1688
MORONGO1_WQX-M003042121,8.55,162.09405044510385,266.77,7.12,65.86257217573221,410.4,3.1233735705209655,66.4,1.7,0.15341527594451568,1689
HPUL1EPA_WQX-CD-01:20230524:1525:FM:PS:,7.6,162.09405044510385,155.0,7.12,65.86257217573221,23.8,3.1233735705209655,66.4,1.78,0.15272885605866626,1690
HPUL1EPA_WQX-CC-02:20230426:1343:FM:PS:,7.97,162.09405044510385,159.0,7.12,65.86257217573221,244.8,3.1233735705209655,66.4,1.73,0.15102606772511,1691
HPUL1EPA_WQX-MC-03:20230426:1154:FM:PS:,7.56,162.09405044510385,122.0,7.12,65.86257217573221,187.0,3.1233735705209655,66.4,1.77,0.1509799887170169,1692
nwisca.01.02100388,8.2,162.09405044510385,246.45972997594052,7.12,65.86257217573221,132.0,1.5,66.4,1.6,0.15066252136952424,1693
nwisca.01.02100145,7.6,162.09405044510385,246.45972997594052,7.12,65.86257217573221,157.0,2.0,66.4,1.7,0.1503708607345117,1694
MORONGO1_WQX-MCN020221,8.49,162.09405044510385,270.86,7.12,65.86257217573221,416.7,3.1233735705209655,66.4,1.67,0.1499052523246564,1695
CA_BVR-AC2:20220126:1021:FM:PS:0.224:Hydro,7.95,162.09405044510385,0.1714,7.12,65.86257217573221,0.2678,3.1233735705209655,66.4,1.3,0.14755816419824516,1696
OVIWC-LP-SS-4-20231130-F,7.86,162.09405044510385,241.0,7.12,65.86257217573221,370.6,3.1233735705209655,66.4,1.7,0.14714608056490938,1697
MORONGO1_WQX-H000072920,8.16,162.09405044510385,229.69,7.12,65.86257217573221,353.4,3.1233735705209655,66.4,1.66,0.14589922220829696,1698
HPUL1EPA_WQX-CD-01:20230426:1235:FM:PS:,7.77,162.09405044510385,154.0,7.12,65.86257217573221,237.6,3.1233735705209655,66.4,1.69,0.14537195362131478,1699
nwisca.01.02105157,7.5,162.09405044510385,246.45972997594052,7.12,65.86257217573221,323.0,2.74,66.4,1.7,0.1452584639626723,1700
CA_BVR-FC2:20220308:0854:FM:PS:0.131:Hydro,7.72,162.09405044510385,0.249,7.12,65.86257217573221,0.389,3.1233735705209655,66.4,1.4,0.14517644921270406,1701
nwisca.01.02304063,8.7,162.09405044510385,246.45972997594052,7.12,50.8,673.0,3.1233735705209655,66.4,1.6,0.14445357985896323,1702
HPUL1EPA_WQX-MC-01:20230510:0850:FM:PS:,7.68,162.09405044510385,122.0,7.12,65.86257217573221,187.5,3.1233735705209655,66.4,1.68,0.14358099589423848,1703
nwisca.01.02304129,8.0,307.0,170.73,7.12,47.3,554.0,2.01,66.4,1.6,0.14318173686877667,1704
HPUL1EPA_WQX-CD-01:20230626:1628:FM:PS:,7.92,162.09405044510385,152.0,7.12,65.86257217573221,233.4,3.1233735705209655,66.4,1.65,0.1427129435538385,1705
HPUL1EPA_WQX-MC-02:20230215:1500:FM:PS:,7.76,162.09405044510385,119.0,7.12,65.86257217573221,182.4,3.1233735705209655,66.4,1.66,0.1422986634318654,1706
CORTINARANCHERIA_WQX-SW-2:202312211121:FM,-27.275,162.09405044510385,2234.0,7.12,65.86257217573221,3437.3,3.1233735705209655,66.4,-1.88,0.14190662462382975,1707
nwisca.01.02003430,7.8,162.09405044510385,246.45972997594052,7.12,65.86257217573221,152.0,2.0,66.4,1.6,0.14187937045245885,1708
nwisca.01.02003429,7.8,162.09405044510385,246.45972997594052,7.12,65.86257217573221,157.0,2.0,66.4,1.6,0.14187654255269355,1709
nwisca.01.02001783,7.6,162.09405044510385,246.45972997594052,7.12,65.86257217573221,355.0,4.6,66.4,1.7,0.14161856447386836,1710
nwisca.01.02001782,7.5,162.09405044510385,246.45972997594052,7.12,65.86257217573221,380.0,4.5,66.4,1.7,0.14085576453805163,1711
nwisca.01.02102932,7.7,162.09405044510385,246.45972997594052,7.12,65.86257217573221,952.0,6.4,66.4,1.7,0.14062066101174478,1712
nwisca.01.02100391,8.3,162.09405044510385,246.45972997594052,7.12,65.86257217573221,135.0,1.5,66.4,1.5,0.13988184005639293,1713
HPUL1EPA_WQX-MC-03:20230201:1318:FM:PS:,7.88,162.09405044510385,121.0,7.12,65.86257217573221,186.0,3.1233735705209655,66.4,1.62,0.13921589579468688,1714
HPUL1EPA_WQX-CD-01:20230517:1440:FM:PS:,7.73,162.09405044510385,158.0,7.12,65.86257217573221,243.1,3.1233735705209655,66.4,1.63,0.13889747385450846,1715
nwisca.01.02100176,7.8,162.09405044510385,246.45972997594052,7.12,65.86257217573221,409.0,2.5,66.4,1.6,0.13874357439982732,1716
nwisca.01.02100177,7.8,162.09405044510385,246.45972997594052,7.12,65.86257217573221,431.0,2.5,66.4,1.6,0.13874188994507092,1717
MORONGO1_WQX-MCN101922,8.67,162.09405044510385,267.8,7.12,65.86257217573221,412.0,3.1233735705209655,66.4,1.55,0.13853831538177816,1718
nwisca.01.02105783,8.0,162.09405044510385,246.45972997594052,7.12,65.86257217573221,188.0,1.41,66.4,1.5,0.13843702040240624,1719
nwisnv.01.02301279,7.7,162.09405044510385,246.45972997594052,7.12,65.86257217573221,62.0,2.46,66.4,1.6,0.1382195022423755,1720
NARS_WQX-240880_2324,7.99,162.09405044510385,246.45972997594052,7.12,26.8,338.4017245542537,3.1,66.4,1.6,0.13809321554658116,1721
HPUL1EPA_WQX-MC-02:20230426:1138:FM:PS:,7.61,162.09405044510385,120.0,7.12,65.86257217573221,185.2,3.1233735705209655,66.4,1.62,0.13676166379377483,1722
21NEV1_WQX-7200535-L-0.000,7.775573846153846,162.09405044510385,25.0,7.12,3.7,95.0,3.1233735705209655,66.4,1.6,0.13617172443958786,1723
nwisca.01.02301297,8.1,182.0,126.67,7.12,43.9,416.0,4.67,66.4,1.6,0.1356587402842741,1724
HPUL1EPA_WQX-CD-01:20210510:1637:FM:PS:,7.4,162.09405044510385,95.0,7.12,65.86257217573221,145.0,3.1233735705209655,66.4,1.62,0.1348727776735422,1725
HPUL1EPA_WQX-MC-02:20230524:1337:FM:PS:,7.41,162.09405044510385,129.0,7.12,65.86257217573221,199.0,3.1233735705209655,66.4,1.61,0.13386297379010972,1726
nwisca.01.02102934,8.1,162.09405044510385,246.45972997594052,7.12,65.86257217573221,965.0,6.8,66.4,1.6,0.13366124542030333,1727
HPUL1EPA_WQX-MC-03:20230524:1352:FM:PS:,7.4,162.09405044510385,131.0,7.12,65.86257217573221,21.6,3.1233735705209655,66.4,1.6,0.1332402041741808,1728
HPUL1EPA_WQX-CD-01:20230201:1247:FM:PS:,7.56,162.09405044510385,164.0,7.12,65.86257217573221,231.8,3.1233735705209655,66.4,1.59,0.13302552109775087,1729
nwisca.01.02303165,7.4,162.09405044510385,246.45972997594052,7.12,8.25,211.5,3.1233735705209655,66.4,1.6,0.13267915866590652,1730
nwisca.01.02001780,7.6,162.09405044510385,246.45972997594052,7.12,65.86257217573221,376.0,4.4,66.4,1.6,0.13160828885824127,1731
HPUL1EPA_WQX-MC-01:20230531:1120:FM:PS:,7.27,162.09405044510385,125.0,7.12,65.86257217573221,193.1,3.1233735705209655,66.4,1.6,0.13150342130797338,1732
nwisca.01.02004353,7.7,162.09405044510385,246.45972997594052,7.12,65.86257217573221,182.0,1.8,66.4,1.5,0.1309792539425068,1733
HPUL1EPA_WQX-MC-04:20230102:1220:FM:PS:,7.54,162.09405044510385,136.0,7.12,65.86257217573221,209.8,3.1233735705209655,66.4,1.57,0.13060248265143873,1734
nwisca.01.02001784,7.5,162.09405044510385,246.45972997594052,7.12,65.86257217573221,384.0,4.5,66.4,1.6,0.13054289455449902,1735
OVIWC-LP-SS-5-20220125-F,8.37,162.09405044510385,221.0,7.12,65.86257217573221,340.0,3.1233735705209655,66.4,1.5,0.12978572194007498,1736
nwisca.01.02100146,7.7,162.09405044510385,246.45972997594052,7.12,65.86257217573221,153.0,2.0,66.4,1.5,0.12928219917701084,1737
HPUL1EPA_WQX-MC-01:20230201:1355:FM:PS:,8.28,162.09405044510385,116.0,7.12,65.86257217573221,178.7,3.1233735705209655,66.4,1.5,0.12900337188231975,1738
HPUL1EPA_WQX-MC-01:20230808:1203:FM:PS:,6.74,162.09405044510385,130.0,7.12,65.86257217573221,200.2,3.1233735705209655,66.4,1.62,0.12884711249733907,1739
HPUL1EPA_WQX-CD-01:20230510:0946:FM:PS:,7.72,162.09405044510385,157.0,7.12,65.86257217573221,241.5,3.1233735705209655,66.4,1.54,0.12874996502806116,1740
nwisca.01.02100147,7.6,162.09405044510385,246.45972997594052,7.12,65.86257217573221,150.0,2.0,66.4,1.5,0.12837487258164543,1741
HPUL1EPA_WQX-MC-01:20230503:1420:FM:PS:,7.65,162.09405044510385,121.0,7.12,65.86257217573221,186.1,3.1233735705209655,66.4,1.53,0.12693976252637543,1742
nwisca.01.02100390,8.3,162.09405044510385,246.45972997594052,7.12,65.86257217573221,136.0,1.5,66.4,1.4,0.12652396206853112,1743
HPUL1EPA_WQX-CC-02:20230531:1025:FM:PS:,7.6,162.09405044510385,170.0,7.12,65.86257217573221,261.1,3.1233735705209655,66.4,1.53,0.12646438438591126,1744
MORONGO1_WQX-H000121323,8.0,162.09405044510385,200.0,7.12,65.86257217573221,307.2,3.1233735705209655,66.4,1.5,0.12642632406449011,1745
MORONGO1_WQX-HE1042021,7.74,162.09405044510385,177.68,7.12,65.86257217573221,273.4,3.1233735705209655,66.4,1.51,0.1253065299775107,1746
CA_BVR-LC01:20220809:1211:FM:PS:0.256:Hydro,7.76,162.09405044510385,0.2971,7.12,65.86257217573221,0.4643,3.1233735705209655,66.4,1.3,0.12450090665680955,1747
21NEV1_WQX-7181994-L-0.000,7.775573846153846,162.09405044510385,70.0,7.12,12.0,210.0,3.1233735705209655,66.4,1.5,0.12440642218394876,1748
HPUL1EPA_WQX-MC-03:20231227:0925:FM:PS:,7.56,162.09405044510385,129.0,7.12,65.86257217573221,198.4,3.1233735705209655,66.4,1.5,0.12245041775148607,1749
HPUL1EPA_WQX-MC-04:20230614:1510:FM:PS:,9.0,162.09405044510385,142.0,7.12,65.86257217573221,218.8,3.1233735705209655,66.4,1.4,0.12217784122304498,1750
CA_BVR-AC1:20220421:1104:FM:PS:0.198:Hydro,7.51,162.09405044510385,0.2435,7.12,65.86257217573221,0.198,3.1233735705209655,66.4,1.1,0.12209450972973634,1751
nwisca.01.02102108,7.5,162.09405044510385,246.45972997594052,7.12,42.54,69.0,3.1233735705209655,66.4,1.5,0.12203254266781272,1752
HPUL1EPA_WQX-MC-03:20230215:1515:FM:PS:,7.69,162.09405044510385,120.0,7.12,65.86257217573221,183.9,3.1233735705209655,66.4,1.48,0.12111057282085652,1753
HPUL1EPA_WQX-MC-04:20230517:1530:FM:PS:,7.4,162.09405044510385,144.0,7.12,65.86257217573221,221.5,3.1233735705209655,66.4,1.49,0.11973374404326872,1754
HPUL1EPA_WQX-MC-01:20230607:1112:FM:PS:,7.25,162.09405044510385,125.0,7.12,65.86257217573221,191.8,3.1233735705209655,66.4,1.5,0.11963457687670126,1755
HPUL1EPA_WQX-AC-01:20230503:1452:FM:PS:,7.63,162.09405044510385,185.0,7.12,65.86257217573221,285.1,3.1233735705209655,66.4,1.47,0.1192497669071266,1756
nwisca.01.02101013,7.1,162.09405044510385,246.45972997594052,7.12,20.7,41.0,3.1233735705209655,66.4,1.5,0.11852976545774813,1757
OVIWC-LP-SS-5-20231130-F,7.91,162.09405044510385,243.0,7.12,65.86257217573221,373.3,3.1233735705209655,66.4,1.44,0.11780869593954399,1758
nwisca.01.02001779,7.4,162.09405044510385,246.45972997594052,7.12,65.86257217573221,365.0,4.6,66.4,1.5,0.11779934101956846,1759
HPUL1EPA_WQX-MC-01:20231227:0900:FM:PS:,7.39,162.09405044510385,131.0,7.12,65.86257217573221,201.3,3.1233735705209655,66.4,1.47,0.11708765662187623,1760
MORONGO1_WQX-HW1102720,7.82,162.09405044510385,199.66,7.12,65.86257217573221,307.2,3.1233735705209655,66.4,1.44,0.11699829376145979,1761
nwisca.01.02001905,8.3,162.09405044510385,246.45972997594052,7.12,48.5,848.0,3.1233735705209655,66.4,1.4,0.11576843466132986,1762
NARS_WQX-259660_2324,7.32,162.09405044510385,246.45972997594052,7.12,0.302,338.4017245542537,1.68,66.4,1.4,0.11535551306089481,1763
nwisca.01.02100175,7.9,162.09405044510385,246.45972997594052,7.12,65.86257217573221,394.0,2.5,66.4,1.4,0.11460927879695298,1764
CA_BVR-MC2:20220323:0820:FM:PS:0.139:Hydro,7.17,162.09405044510385,0.1362,7.12,65.86257217573221,0.2128,3.1233735705209655,66.4,1.1,0.11426268585185984,1765
nwisnv.01.02200189,7.3,162.09405044510385,246.45972997594052,7.12,65.86257217573221,62.0,1.83,66.4,1.4,0.11384877163851315,1766
nwisca.01.02203530,8.0,162.09405044510385,246.45972997594052,7.12,15.3,162.5,3.1233735705209655,66.4,1.4,0.11310830412201073,1767
CA_BVR-FC2:20220316:1031:FM:PS:0.091:Hydro,7.84,162.09405044510385,0.2539,7.12,65.86257217573221,0.3966,3.1233735705209655,66.4,1.2,0.1122096131084554,1768
21NEV1_WQX-7181987-L-0.000,7.775573846153846,162.09405044510385,51.0,7.12,3.1,94.0,3.1233735705209655,66.4,1.4,0.11112859300461747,1769
21NEV1_WQX-7182197-L-0.000,7.775573846153846,162.09405044510385,94.0,7.12,4.3,130.0,3.1233735705209655,66.4,1.4,0.1110888309751576,1770
nwisca.01.02105158,8.0,162.09405044510385,246.45972997594052,7.12,65.86257217573221,145.0,1.39,66.4,1.3,0.11000338158869402,1771
HPUL1EPA_WQX-MC-01:20230426:1110:FM:PS:,7.8,162.09405044510385,16.0,7.12,65.86257217573221,178.9,3.1233735705209655,66.4,1.39,0.10984108993069064,1772
HPUL1EPA_WQX-AC-01:20230607:1147:FM:PS:,7.45,162.09405044510385,201.0,7.12,65.86257217573221,308.8,3.1233735705209655,66.4,1.41,0.10948992620640355,1773
MORONGO1_WQX-LMO021120,8.59,162.09405044510385,213.39,7.12,65.86257217573221,328.3,3.1233735705209655,66.4,1.34,0.10945877846029503,1774
HPUL1EPA_WQX-MC-04:20230531:1447:FM:PS:,7.88,162.09405044510385,146.0,7.12,65.86257217573221,224.3,3.1233735705209655,66.4,1.38,0.10909078373576414,1775
nwisca.01.02104469,7.5,162.09405044510385,246.45972997594052,7.12,35.2,121.0,3.1233735705209655,66.4,1.4,0.10859133656956316,1776
nwisca.01.02103089,8.4,162.09405044510385,246.45972997594052,7.12,65.86257217573221,173.0,1.86,66.4,1.3,0.10802554621112867,1777
HPUL1EPA_WQX-MC-03:20231102:0820:FM:PS:,6.67,162.09405044510385,163.0,7.12,65.86257217573221,250.7,3.1233735705209655,66.4,1.45,0.10789704082032109,1778
nwisca.01.02102933,8.0,162.09405044510385,246.45972997594052,7.12,65.86257217573221,950.0,6.9,66.4,1.4,0.10764208884522936,1779
nwisca.01.02101006,8.9,162.09405044510385,246.45972997594052,7.12,19.7,983.5,3.1233735705209655,66.4,1.3,0.10580869936690815,1780
nwisca.01.02104122,8.0,162.09405044510385,246.45972997594052,7.12,65.86257217573221,176.0,1.73,66.4,1.3,0.10563218115687081,1781
nwisca.01.02105154,7.6,162.09405044510385,246.45972997594052,7.12,65.86257217573221,160.0,1.48,66.4,1.3,0.10501082887322552,1782
nwisca.01.02001434,7.1,162.09405044510385,246.45972997594052,7.12,78.2,98.0,3.1233735705209655,66.4,1.4,0.10498115196844998,1783
HPUL1EPA_WQX-CC-02:20230215:1548:FM:PS:,7.94,162.09405044510385,162.0,7.12,65.86257217573221,249.0,3.1233735705209655,66.4,1.34,0.1035627805824825,1784
MORONGO1_WQX-BearCanyon071321,8.41,162.09405044510385,421.02,7.12,65.86257217573221,647.7,3.1233735705209655,66.4,1.31,0.10300836219139614,1785
MORONGO1_WQX-M001120920,8.59,162.09405044510385,270.76,7.12,65.86257217573221,416.6,3.1233735705209655,66.4,1.29,0.10133656239981262,1786
nwisca.01.02100179,7.9,162.09405044510385,246.45972997594052,7.12,65.86257217573221,394.0,2.5,66.4,1.3,0.09919719088486509,1787
HPUL1EPA_WQX-MC-04:20230524:1419:FM:PS:,7.78,162.09405044510385,145.0,7.12,65.86257217573221,223.2,3.1233735705209655,66.4,1.32,0.09894285894772262,1788
CORTINARANCHERIA_WQX-SW-1:202312211111:FM,-35.675,162.09405044510385,1762.0,7.12,65.86257217573221,2710.0,3.1233735705209655,66.4,-1.54,0.09848477155782209,1789
nwisca.01.02100178,7.8,162.09405044510385,246.45972997594052,7.12,65.86257217573221,400.0,2.5,66.4,1.3,0.09828758613059649,1790
nwisca.01.02203538,8.0,162.09405044510385,246.45972997594052,7.12,17.3,160.0,3.1233735705209655,66.4,1.3,0.0976975139983843,1791
OVIWC-LP-SS-1-20221012-F,8.36,162.09405044510385,54.0,7.12,65.86257217573221,83.7,3.1233735705209655,66.4,1.28,0.09767574527062911,1792
MORONGO1_WQX-HW1012723,7.83,162.09405044510385,207.29,7.12,65.86257217573221,318.9,3.1233735705209655,66.4,1.3,0.0961100268153475,1793
21NEV1_WQX-7182268-L-0.000,7.775573846153846,162.09405044510385,56.0,7.12,3.5,98.0,3.1233735705209655,66.4,1.3,0.09571064447594255,1794
21NEV1_WQX-7182199-L-0.000,7.775573846153846,162.09405044510385,65.0,7.12,2.6,110.0,3.1233735705209655,66.4,1.3,0.09569561998614659,1795
21NEV1_WQX-7182209-L-0.000,7.775573846153846,162.09405044510385,110.0,7.12,9.4,200.0,3.1233735705209655,66.4,1.3,0.0956404049861466,1796
nwisca.01.02102939,8.1,162.09405044510385,246.45972997594052,7.12,65.86257217573221,951.0,6.7,66.4,1.3,0.09327232371226443,1797
nwisca.01.02102110,7.5,162.09405044510385,246.45972997594052,7.12,51.6,134.0,3.1233735705209655,66.4,1.3,0.09316842708352682,1798
nwisca.01.02100392,8.3,162.09405044510385,246.45972997594052,7.12,65.86257217573221,136.0,1.5,66.4,1.2,0.09313110492567395,1799
HPUL1EPA_WQX-CD-01:20230719:1154:FM:PS:,7.6,162.09405044510385,156.0,7.12,65.86257217573221,239.5,3.1233735705209655,66.4,1.29,0.0923605193221895,1800
CA_BVR-LC01:20220531:1249:FM:PS:0.509:Hydro,8.08,162.09405044510385,0.2706,7.12,65.86257217573221,0.4224,3.1233735705209655,66.4,1.1,0.0910627862448879,1801
HPUL1EPA_WQX-LC-01:20230426:0949:FM:PS:,7.64,162.09405044510385,384.0,7.12,65.86257217573221,592.0,3.1233735705209655,66.4,1.28,0.09099183523137433,1802
HPUL1EPA_WQX-CD-01:20230208:1211:FM:PS:,8.0,162.09405044510385,151.0,7.12,65.86257217573221,231.6,3.1233735705209655,66.4,1.26,0.09082161810064004,1803
CA_BVR-AC4:20220506:1225:FM:PS:0.304:Hydro,7.18,162.09405044510385,0.2185,7.12,65.86257217573221,0.3414,3.1233735705209655,66.4,1.1,0.09046211371333329,1804
CA_BVR-AC1:20220426:1104:FM:PS:0.198:Hydro,7.51,162.09405044510385,0.2435,7.12,65.86257217573221,0.3805,3.1233735705209655,66.4,1.1,0.08939959076346388,1805
nwisca.01.02303164,7.0,162.09405044510385,246.45972997594052,7.12,10.3,234.5,3.1233735705209655,66.4,1.3,0.08857980516067357,1806
nwisca.01.02100386,7.6,162.09405044510385,246.45972997594052,7.12,65.86257217573221,132.0,1.5,66.4,1.2,0.08677047591497877,1807
HPUL1EPA_WQX-MC-02:20230503:1435:FM:PS:,7.66,162.09405044510385,124.0,7.12,65.86257217573221,190.8,3.1233735705209655,66.4,1.25,0.08596221842041665,1808
NARS_WQX-260520_2324,8.24,162.09405044510385,246.45972997594052,7.12,255.0,338.4017245542537,2.53,66.4,1.2,0.08416687199181894,1809
nwisca.01.02303826,8.4,162.09405044510385,246.45972997594052,7.12,79.1,1008.5,3.1233735705209655,66.4,1.2,0.08328213539641799,1810
MORONGO1_WQX-LMO110520,8.35,162.09405044510385,221.9,7.12,65.86257217573221,341.4,3.1233735705209655,66.4,1.2,0.08285374097008352,1811
HPUL1EPA_WQX-LC-01:20230510:1423:FM:PS:,7.93,162.09405044510385,400.0,7.12,65.86257217573221,615.0,3.1233735705209655,66.4,1.22,0.08284993843582966,1812
HPUL1EPA_WQX-CC-02:20230201:1440:FM:PS:,7.88,162.09405044510385,172.0,7.12,65.86257217573221,265.5,3.1233735705209655,66.4,1.22,0.0824242827980129,1813
MORONGO1_WQX-LMO102921,8.05,162.09405044510385,241.79,7.12,65.86257217573221,372.0,3.1233735705209655,66.4,1.21,0.08205503441204326,1814
HPUL1EPA_WQX-LC-01:20220323:1025:FM:PS:,9.98,162.09405044510385,363.0,7.12,65.86257217573221,558.0,3.1233735705209655,66.4,1.12,0.0809601481182296,1815
HPUL1EPA_WQX-CD-01:20230802:1443:FM:PS:,7.28,162.09405044510385,166.0,7.12,65.86257217573221,255.4,3.1233735705209655,66.4,1.24,0.08068010306807591,1816
nwisca.01.02100548,7.7,162.09405044510385,246.45972997594052,7.12,65.86257217573221,182.0,2.4,66.4,1.2,0.07995147616472903,1817
MORONGO1_WQX-HW1020122,7.97,162.09405044510385,187.13,7.12,65.86257217573221,287.9,3.1233735705209655,66.4,1.18,0.0754446776995184,1818
nwisca.01.02102107,7.2,162.09405044510385,246.45972997594052,7.12,56.3,253.0,3.1233735705209655,66.4,1.2,0.07241300907097475,1819
nwisca.01.02101821,7.1,162.09405044510385,246.45972997594052,7.12,25.1,44.0,3.1233735705209655,66.4,1.2,0.07175732033579685,1820
nwisca.01.02105153,7.7,162.09405044510385,246.45972997594052,7.12,65.86257217573221,150.0,1.37,66.4,1.1,0.06836571531555391,1821
NARS_WQX-241080_2324,8.33,162.09405044510385,246.45972997594052,7.12,11.5,338.4017245542537,1.85,66.4,1.1,0.06820978941517114,1822
nwisca.01.02105786,7.8,162.09405044510385,246.45972997594052,7.12,65.86257217573221,199.0,1.49,66.4,1.1,0.06744203946002764,1823
HPUL1EPA_WQX-CC-02:20230510:1020:FM:PS:,7.77,162.09405044510385,166.0,7.12,65.86257217573221,255.3,3.1233735705209655,66.4,1.14,0.06529171506279977,1824
HPUL1EPA_WQX-MC-04:20231128:0919:FM:PS:,7.44,162.09405044510385,170.0,7.12,65.86257217573221,261.7,3.1233735705209655,66.4,1.15,0.06443001027018763,1825
HPUL1EPA_WQX-MC-02:20230802:1407:FM:PS:,7.41,162.09405044510385,143.0,7.12,65.86257217573221,220.1,3.1233735705209655,66.4,1.15,0.06416703080202407,1826
nwisca.01.02203404,8.4,162.09405044510385,246.45972997594052,7.12,34.9,944.5,3.1233735705209655,66.4,1.1,0.06203304225456113,1827
nwisca.01.02100140,7.5,162.09405044510385,246.45972997594052,7.12,65.86257217573221,148.0,1.9,66.4,1.1,0.060277523934290034,1828
HPUL1EPA_WQX-MC-04:20230703:0757:FM:PS:,7.43,162.09405044510385,144.0,7.12,65.86257217573221,221.3,3.1233735705209655,66.4,1.13,0.06003147144709017,1829
nwisca.01.02105785,7.7,162.09405044510385,246.45972997594052,7.12,65.86257217573221,235.0,2.24,66.4,1.1,0.05960141753328957,1830
NARS_WQX-260060_2324,7.31,162.09405044510385,246.45972997594052,7.12,0.746,338.4017245542537,1.83,66.4,1.1,0.05911901458669139,1831
HPUL1EPA_WQX-MC-03:20230510:0922:FM:PS:,7.57,162.09405044510385,127.0,7.12,65.86257217573221,194.8,3.1233735705209655,66.4,1.12,0.05909615548473429,1832
MORONGO1_WQX-HW1041823,8.06,162.09405044510385,214.82,7.12,65.86257217573221,330.5,3.1233735705209655,66.4,1.1,0.05896868118712417,1833
nwisca.01.02100174,7.7,162.09405044510385,246.45972997594052,7.12,65.86257217573221,396.0,2.4,66.4,1.1,0.058661400157403065,1834
NARS_WQX-259620_2324,7.22,162.09405044510385,246.45972997594052,7.12,0.688,338.4017245542537,1.81,66.4,1.1,0.05848680626124875,1835
nwisca.01.02203531,7.9,162.09405044510385,246.45972997594052,7.12,21.9,175.0,3.1233735705209655,66.4,1.1,0.05755042332280996,1836
21NEV1_WQX-7182276-L-0.000,7.775573846153846,162.09405044510385,60.0,7.12,4.2,96.0,3.1233735705209655,66.4,1.1,0.05648274450537738,1837
HPUL1EPA_WQX-CC-02:20220323:1225:FM:PS:,7.53,162.09405044510385,170.0,7.12,65.86257217573221,261.6,3.1233735705209655,66.4,1.11,0.05645855257888238,1838
MORONGO1_WQX-H000042722,8.22,162.09405044510385,225.02,7.12,65.86257217573221,346.2,3.1233735705209655,66.4,1.08,0.05569915243057488,1839
MORONGO1_WQX-H000042022,8.22,162.09405044510385,242.45,7.12,65.86257217573221,373.0,3.1233735705209655,66.4,1.08,0.05569635128198802,1840
nwisca.01.02102940,8.1,162.09405044510385,246.45972997594052,7.12,65.86257217573221,962.0,6.8,66.4,1.1,0.05397378903733607,1841
nwisca.01.02102942,8.1,162.09405044510385,246.45972997594052,7.12,65.86257217573221,972.0,6.8,66.4,1.1,0.05397364469427507,1842
nwisca.01.02101823,7.5,162.09405044510385,246.45972997594052,7.12,54.84,136.0,3.1233735705209655,66.4,1.1,0.0539361766192194,1843
nwisca.01.02102105,7.5,162.09405044510385,246.45972997594052,7.12,44.9,151.0,3.1233735705209655,66.4,1.1,0.05392631807812087,1844
HPUL1EPA_WQX-MC-04:20230426:1400:FM:PS:,7.74,162.09405044510385,128.0,7.12,65.86257217573221,196.9,3.1233735705209655,66.4,1.09,0.0537478500987279,1845
HPUL1EPA_WQX-CD-01:20230503:1500:FM:PS:,7.74,162.09405044510385,155.0,7.12,65.86257217573221,237.9,3.1233735705209655,66.4,1.09,0.053736036534510256,1846
MORONGO1_WQX-H000122121,7.62,162.09405044510385,243.83,7.12,65.86257217573221,375.1,3.1233735705209655,66.4,1.09,0.05262437592647734,1847
nwisca.01.02001433,7.2,162.09405044510385,246.45972997594052,7.12,32.4,64.0,3.1233735705209655,66.4,1.1,0.051320551869887876,1848
CA_BVR-SIEG01:20220421:1459:FM:PS:0.24:Hydro,8.29,162.09405044510385,0.562,7.12,65.86257217573221,0.8781,3.1233735705209655,66.4,1.0,0.05088943886392072,1849
HPUL1EPA_WQX-MC-02:20230531:1140:FM:PS:,7.42,162.09405044510385,129.0,7.12,65.86257217573221,198.5,3.1233735705209655,66.4,1.09,0.05083820666582012,1850
NARS_WQX-253120_2324,7.59,162.09405044510385,246.45972997594052,7.12,0.032,338.4017245542537,7.88,66.4,1.1,0.04874249748087417,1851
OVIWC-LP-SS-1-20231130-F,7.81,162.09405044510385,65.0,7.12,65.86257217573221,100.1,3.1233735705209655,66.4,1.06,0.0471673094457436,1852
MORONGO1_WQX-BC1041823,8.33,162.09405044510385,328.71,7.12,65.86257217573221,505.7,3.1233735705209655,66.4,1.03,0.04407898116723469,1853
HPUL1EPA_WQX-AC-01:20220201:1525:FM:PS:,7.99,162.09405044510385,209.0,7.12,65.86257217573221,320.7,3.1233735705209655,66.4,1.04,0.043622027026907484,1854
nwisca.01.02104118,7.9,162.09405044510385,246.45972997594052,7.12,65.86257217573221,123.0,1.44,66.4,1.0,0.04361078590512418,1855
MORONGO1_WQX-MCN021220,8.54,162.09405044510385,249.34,7.12,65.86257217573221,383.6,3.1233735705209655,66.4,1.02,0.04332666451533995,1856
HPUL1EPA_WQX-CD-01:20231227:0937:FM:PS:,7.61,162.09405044510385,159.0,7.12,65.86257217573221,244.9,3.1233735705209655,66.4,1.05,0.04274918912003434,1857
HPUL1EPA_WQX-CC-02:20230503:1510:FM:PS:,7.88,162.09405044510385,151.0,7.12,65.86257217573221,231.9,3.1233735705209655,66.4,1.04,0.04263814277629302,1858
CA_BVR-RED01:10162023:1103:FM:PS:0.339:Hydro,8.66,162.09405044510385,0.2513,7.12,65.86257217573221,0.3926,3.1233735705209655,66.4,0.9,0.042094224143358006,1859
nwisca.01.02100060,8.0,162.09405044510385,246.45972997594052,7.12,65.86257217573221,174.0,1.9,66.4,1.0,0.0393093514993158,1860
MORONGO1_WQX-LMO120920,8.24,162.09405044510385,227.36,7.12,65.86257217573221,349.8,3.1233735705209655,66.4,1.01,0.037880019327865944,1861
HPUL1EPA_WQX-CD-01:20230808:1247:FM:PS:,7.3,162.09405044510385,169.0,7.12,65.86257217573221,260.7,3.1233735705209655,66.4,1.04,0.037358985844339,1862
HPUL1EPA_WQX-MC-04:20230719:1233:FM:PS:,7.59,162.09405044510385,166.0,7.12,65.86257217573221,255.0,3.1233735705209655,66.4,1.02,0.034708045202107074,1863
HPUL1EPA_WQX-MC-03:20230503:1445:FM:PS:,7.63,162.09405044510385,125.0,7.12,65.86257217573221,192.6,3.1233735705209655,66.4,1.01,0.032366057758370925,1864
nwisca.01.02002311,7.7,162.09405044510385,246.45972997594052,7.12,65.86257217573221,234.0,2.62,66.4,1.0,0.03210738816875558,1865
nwisca.01.02002310,7.6,162.09405044510385,246.45972997594052,7.12,65.86257217573221,162.0,2.54,66.4,1.0,0.031594191648428804,1866
21NEV1_WQX-7200521-L-0.000,7.775573846153846,162.09405044510385,100.0,7.12,4.1,200.0,3.1233735705209655,66.4,1.0,0.030909635755377363,1867
21NEV1_WQX-7200856-L-0.000,7.775573846153846,162.09405044510385,250.0,7.12,12.0,380.0,3.1233735705209655,66.4,1.0,0.030877669176429978,1868
nwisca.01.02102941,8.1,162.09405044510385,246.45972997594052,7.12,65.86257217573221,970.0,6.9,66.4,1.0,0.028408029676031732,1869
HPUL1EPA_WQX-MC-02:20231128:0753:FM:PS:,7.16,162.09405044510385,147.0,7.12,65.86257217573221,226.4,3.1233735705209655,66.4,1.01,0.02808286832840534,1870
NARS_WQX-242840_2324,8.08,162.09405044510385,246.45972997594052,7.12,12.7,338.4017245542537,0.98,66.4,0.9,0.024050318255699976,1871
HPUL1EPA_WQX-CD-01:20231128:0818:FM:PS:,7.66,162.09405044510385,175.0,7.12,65.86257217573221,269.9,3.1233735705209655,66.4,0.97,0.021166229104899126,1872
HPUL1EPA_WQX-MC-01:20230614:1300:FM:PS:,7.04,162.09405044510385,125.0,7.12,65.86257217573221,192.9,3.1233735705209655,66.4,0.98,0.018500594890224986,1873
HPUL1EPA_WQX-MC-03:20230712:1010:FM:PS:,7.32,162.09405044510385,140.0,7.12,65.86257217573221,215.2,3.1233735705209655,66.4,0.97,0.018088031005325134,1874
HPUL1EPA_WQX-MC-04:20231227:0842:FM:PS:,0.66,162.09405044510385,132.0,7.12,65.86257217573221,202.4,3.1233735705209655,66.4,1.22,0.01680376778606582,1875
CA_BVR-MC1:20220202:0912:FM:PS:0.111:Hydro,8.49,162.09405044510385,0.1784,7.12,65.86257217573221,0.2788,3.1233735705209655,66.4,0.8,0.015622981317928164,1876
HPUL1EPA_WQX-CD-01:20230816:1053:FM:PS:,7.25,162.09405044510385,16.5,7.12,65.86257217573221,24.6,3.1233735705209655,66.4,0.96,0.014925365236018673,1877
HPUL1EPA_WQX-MC-03:20231128:0806:FM:PS:,7.26,162.09405044510385,159.0,7.12,65.86257217573221,245.0,3.1233735705209655,66.4,0.95,0.011447047691523882,1878
NARS_WQX-253080_2324,7.92,162.09405044510385,246.45972997594052,7.12,2.38,338.4017245542537,3.03,66.4,0.93,0.011385981315093496,1879
HPUL1EPA_WQX-MC-02:20230607:1129:FM:PS:,7.35,162.09405044510385,130.0,7.12,65.86257217573221,199.7,3.1233735705209655,66.4,0.94,0.009136628668944602,1880
HPUL1EPA_WQX-CD-01:20230703:0845:FM:PS:,7.62,162.09405044510385,152.0,7.12,65.86257217573221,233.5,3.1233735705209655,66.4,0.93,0.008372742835121905,1881
HPUL1EPA_WQX-MC-04:20230510:1030:FM:PS:,7.84,162.09405044510385,139.0,7.12,65.86257217573221,213.6,3.1233735705209655,66.4,0.92,0.007099726917490723,1882
CA_BVR-FC2:20210415:1153:FM:PS:0.06:Hanna,8.26,162.09405044510385,236.0,7.12,65.86257217573221,473.0,3.1233735705209655,66.4,0.9,0.004107893098305726,1883
nwisca.01.02202773,7.8,454.0,246.45972997594052,7.12,111.0,850.0,2.51,66.4,0.9,0.0018126995768264487,1884
HPUL1EPA_WQX-CD-01:20230712:1024:FM:PS:,7.71,162.09405044510385,146.0,7.12,65.86257217573221,224.4,3.1233735705209655,66.4,0.9,-0.0008604947265916651,1885
HPUL1EPA_WQX-MC-01:20230802:1346:FM:PS:,6.44,162.09405044510385,131.0,7.12,65.86257217573221,201.4,3.1233735705209655,66.4,0.93,-0.0023453170012309177,1886
nwisca.01.02203523,7.5,162.09405044510385,246.45972997594052,7.12,93.1,293.5,3.1233735705209655,66.4,0.9,-0.0027837463231261683,1887
nwisca.01.02101824,7.4,162.09405044510385,246.45972997594052,7.12,21.24,41.0,3.1233735705209655,66.4,0.9,-0.0034096284816457767,1888
nwisca.01.02105578,7.2,162.09405044510385,246.45972997594052,7.12,21.65,59.0,3.1233735705209655,66.4,0.9,-0.005328242709914444,1889
HPUL1EPA_WQX-MC-02:20230808:0000:FM:PS:,7.17,162.09405044510385,144.0,7.12,65.86257217573221,221.7,3.1233735705209655,66.4,0.9,-0.0057688531275236765,1890
HPUL1EPA_WQX-MC-01:20230712:0938:FM:PS:,6.68,162.09405044510385,128.0,7.12,65.86257217573221,197.2,3.1233735705209655,66.4,0.91,-0.006790926519274987,1891
HPUL1EPA_WQX-MC-04:20230712:1212:FM:PS:,7.76,162.09405044510385,158.0,7.12,65.86257217573221,242.7,3.1233735705209655,66.4,0.88,-0.007493817797701197,1892
HPUL1EPA_WQX-MC-04:20230626:1357:FM:PS:,8.83,162.09405044510385,146.0,7.12,65.86257217573221,223.9,3.1233735705209655,66.4,0.85,-0.009011875561316274,1893
HPUL1EPA_WQX-CD-01:20230607:1158:FM:PS:,7.57,162.09405044510385,153.0,7.12,65.86257217573221,235.7,3.1233735705209655,66.4,0.88,-0.009219438920962442,1894
HPUL1EPA_WQX-MC-02:20230926:1055:FM:PS:,6.77,162.09405044510385,166.0,7.12,65.86257217573221,255.3,3.1233735705209655,66.4,0.9,-0.009413229115828647,1895
21NEV1_WQX-7200525-L-0.000,7.775573846153846,162.09405044510385,22.0,7.12,8.8,170.0,3.1233735705209655,66.4,0.86,-0.014741245824649973,1896
HPUL1EPA_WQX-MC-03:20220201:1515:FM:PS:,7.71,162.09405044510385,120.0,7.12,65.86257217573221,183.9,3.1233735705209655,66.4,0.86,-0.015343372667972699,1897
CA_BVR-KC1:20220525:1117:FM:PS:0.076:Hydro,7.29,162.09405044510385,0.3105,7.12,65.86257217573221,0.4852,3.1233735705209655,66.4,0.8,-0.01587976204822461,1898
21NEV1_WQX-7156605-L-0.000,7.775573846153846,162.09405044510385,114.0,7.12,10.0,169.0,3.1233735705209655,66.4,0.85,-0.018577985339297276,1899
NARS_WQX-244000_2324,7.36,162.09405044510385,246.45972997594052,7.12,0.123,338.4017245542537,6.2,66.4,0.87,-0.019703092219623686,1900
nwisca.01.02104123,7.8,162.09405044510385,246.45972997594052,7.12,65.86257217573221,141.0,1.46,66.4,0.8,-0.02773031178495844,1901
HPUL1EPA_WQX-MC-01:20230926:1040:FM:PS:,6.76,162.09405044510385,157.0,7.12,65.86257217573221,241.1,3.1233735705209655,66.4,0.85,-0.027834357834332468,1902
HPUL1EPA_WQX-MC-03:20230926:1105:FM:PS:,6.67,162.09405044510385,16.1,7.12,65.86257217573221,250.3,3.1233735705209655,66.4,0.85,-0.028654597281244476,1903
GLEC-NRSA2-10065-0,7.89,162.09405044510385,698.0,7.12,65.86257217573221,1074.0,3.1233735705209655,66.4,0.82,-0.02967821517498609,1904
HPUL1EPA_WQX-MC-04:20230607:1336:FM:PS:,8.26,162.09405044510385,145.0,7.12,65.86257217573221,223.4,3.1233735705209655,66.4,0.81,-0.030489855121401066,1905
nwisca.01.02202676,8.4,162.09405044510385,246.45972997594052,7.12,44.5,556.0,3.1233735705209655,66.4,0.8,-0.03358197266616514,1906
MORONGO1_WQX-LMO121423,8.38,162.09405044510385,213.0,7.12,65.86257217573221,327.6,3.1233735705209655,66.4,0.8,-0.03374686639413976,1907
CA_BVR-MC2:20210202:0745:FM:PS:0.146:Hydro,7.37,162.09405044510385,0.1497,7.12,65.86257217573221,0.2288,3.1233735705209655,66.4,0.7,-0.034068785308558724,1908
nwisca.01.02100547,7.8,162.09405044510385,246.45972997594052,7.12,65.86257217573221,469.0,2.8,66.4,0.8,-0.03789314734857352,1909
HPUL1EPA_WQX-MC-03:20230531:1154:FM:PS:,7.4,162.09405044510385,131.0,7.12,65.86257217573221,201.9,3.1233735705209655,66.4,0.81,-0.038301603307520804,1910
nwisca.01.02301296,8.1,182.0,126.67,7.12,47.5,415.0,4.93,66.4,0.8,-0.04000150611188458,1911
MORONGO1_WQX-H000020221,8.01,162.09405044510385,236.86,7.12,65.86257217573221,364.4,3.1233735705209655,66.4,0.79,-0.04155295456254943,1912
HPUL1EPA_WQX-MC-01:20230830:0921:FM:PS:,6.11,162.09405044510385,132.0,7.12,65.86257217573221,203.8,3.1233735705209655,66.4,0.83,-0.041685010200282646,1913
HPUL1EPA_WQX-MC-03:20230614:1335:FM:PS:,7.4,162.09405044510385,134.0,7.12,65.86257217573221,205.5,3.1233735705209655,66.4,0.8,-0.04263147810481355,1914
HPUL1EPA_WQX-MC-03:20231213:1413:FM:PS:,7.35,162.09405044510385,157.0,7.12,65.86257217573221,241.2,3.1233735705209655,66.4,0.8,-0.043095744680032966,1915
HPUL1EPA_WQX-MC-01:20220323:1115:FM:PS:,11.02,162.09405044510385,126.0,7.12,65.86257217573221,194.2,3.1233735705209655,66.4,0.73,-0.04334014085537208,1916
CORTINARANCHERIA_WQX-SW-3:202312211126:FM,-31.299999999999997,162.09405044510385,2307.0,7.12,65.86257217573221,3548.9,3.1233735705209655,66.4,182.53,-0.045423269292453314,1917
nwisca.01.02104467,7.0,162.09405044510385,246.45972997594052,7.12,30.41,89.0,3.1233735705209655,66.4,0.8,-0.04618186888790071,1918
MORONGO1_WQX-BC1080823,8.54,162.09405044510385,342.0,7.12,65.86257217573221,526.0,3.1233735705209655,66.4,0.76,-0.0507618082458976,1919
MORONGO1_WQX-H000021120,8.24,162.09405044510385,194.24,7.12,65.86257217573221,298.8,3.1233735705209655,66.4,0.75,-0.058390622617835786,1920
NARS_WQX-241900_2324,7.34,162.09405044510385,246.45972997594052,7.12,1.1,338.4017245542537,1.41,66.4,0.74,-0.05964894165632584,1921
HPUL1EPA_WQX-MC-04:20231018:1046:FM:PS:,6.92,162.09405044510385,173.0,7.12,65.86257217573221,265.6,3.1233735705209655,66.4,0.77,-0.060670690568208674,1922
HPUL1EPA_WQX-MC-02:20231102:0805:FM:PS:,6.65,162.09405044510385,154.0,7.12,65.86257217573221,236.2,3.1233735705209655,66.4,0.77,-0.0631189107884979,1923
HPUL1EPA_WQX-MC-03:20230703:0837:FM:PS:,6.93,162.09405044510385,138.0,7.12,65.86257217573221,212.7,3.1233735705209655,66.4,0.76,-0.06536037600685163,1924
nwisca.01.02002265,8.5,162.09405044510385,246.45972997594052,7.12,49.5,889.0,1.3,66.4,0.7,-0.06894008503129273,1925
HPUL1EPA_WQX-MC-03:20231018:1144:FM:PS:,6.9,162.09405044510385,6.0,7.12,65.86257217573221,245.6,3.1233735705209655,66.4,0.75,-0.0705626562706585,1926
21NEV1_WQX-7200845-L-0.000,7.775573846153846,162.09405044510385,72.0,7.12,2.6,94.0,3.1233735705209655,66.4,0.73,-0.07276083948070539,1927
HPUL1EPA_WQX-MC-03:20230830:0958:FM:PS:,6.89,162.09405044510385,181.0,7.12,65.86257217573221,228.7,3.1233735705209655,66.4,0.74,-0.07570355844894838,1928
HPUL1EPA_WQX-CD-01:20230614:1401:FM:PS:,7.39,162.09405044510385,151.0,7.12,65.86257217573221,232.4,3.1233735705209655,66.4,0.73,-0.07635156477822252,1929
HPUL1EPA_WQX-MC-01:20230816:1001:FM:PS:,6.56,162.09405044510385,131.0,7.12,65.86257217573221,201.3,3.1233735705209655,66.4,0.73,-0.08388804673543182,1930
nwisca.01.02103030,8.3,162.09405044510385,246.45972997594052,7.12,53.3,399.0,3.24,66.4,0.7,-0.08492575686182857,1931
nwisca.01.02103028,8.3,298.0,185.25,7.12,88.0,585.0,3.34,66.4,0.7,-0.08558323238401,1932
nwisca.01.02103029,7.7,683.0,355.485,7.12,159.0,1150.0,2.08,66.4,0.7,-0.08570642350271662,1933
HPUL1EPA_WQX-MC-02:20231108:1357:FM:PS:,6.76,162.09405044510385,152.0,7.12,65.86257217573221,233.5,3.1233735705209655,66.4,0.72,-0.08741586909058685,1934
HPUL1EPA_WQX-MC-04:20231108:1508:FM:PS:,7.1,162.09405044510385,178.0,7.12,65.86257217573221,274.0,3.1233735705209655,66.4,0.71,-0.0898205930753268,1935
nwisca.01.02203532,7.7,162.09405044510385,246.45972997594052,7.12,33.8,194.5,3.1233735705209655,66.4,0.7,-0.08998977660774798,1936
nwisca.01.02301295,7.8,205.0,246.45972997594052,7.12,47.6,467.0,3.45,66.4,0.7,-0.09022095219633264,1937
nwisca.01.02203536,7.6,162.09405044510385,246.45972997594052,7.12,69.5,229.5,3.1233735705209655,66.4,0.7,-0.0909094503755179,1938
nwisca.01.02004371,7.1,162.09405044510385,246.45972997594052,7.12,16.51,45.0,3.1233735705209655,66.4,0.7,-0.09521378204515546,1939
HPUL1EPA_WQX-MC-02:20230614:1321:FM:PS:,7.41,162.09405044510385,131.0,7.12,65.86257217573221,201.3,3.1233735705209655,66.4,0.69,-0.09843593779612814,1940
HPUL1EPA_WQX-MC-03:20230719:1140:FM:PS:,7.17,162.09405044510385,145.0,7.12,65.86257217573221,223.4,3.1233735705209655,66.4,0.69,-0.10062438886463054,1941
NARS_WQX-244020_2324,7.89,162.09405044510385,246.45972997594052,7.12,0.802,338.4017245542537,2.29,66.4,0.67,-0.1026457939919993,1942
MORONGO1_WQX-HW1042021,7.7,162.09405044510385,197.26,7.12,65.86257217573221,303.5,3.1233735705209655,66.4,0.67,-0.1079571294578811,1943
OVIWC-LP-SS-5-20220428-F,8.18,162.09405044510385,238.0,7.12,65.86257217573221,366.2,3.1233735705209655,66.4,0.65,-0.11648285247568974,1944
NARS_WQX-242880_2324,8.23,162.09405044510385,246.45972997594052,7.12,4.52,338.4017245542537,2.2,66.4,0.64,-0.11862920014256839,1945
MORONGO1_WQX-HW1020221,7.73,162.09405044510385,201.41,7.12,65.86257217573221,309.9,3.1233735705209655,66.4,0.65,-0.12056706571643733,1946
CA_BVR-SC1:20220202:0901:FM:PS:0.062:Hydro,7.76,162.09405044510385,0.3892,7.12,65.86257217573221,0.6082,3.1233735705209655,66.4,0.6,-0.1341077164119835,1947
nwisca.01.02300122,7.8,244.0,139.69,7.12,33.8,532.0,1.09,66.4,0.6,-0.13778119903981884,1948
HPUL1EPA_WQX-MC-03:20230607:1139:FM:PS:,7.33,162.09405044510385,133.0,7.12,65.86257217573221,203.9,3.1233735705209655,66.4,0.63,-0.13788042159853975,1949
nwisca.01.02105781,7.8,162.09405044510385,246.45972997594052,7.12,65.86257217573221,199.0,1.56,66.4,0.6,-0.14598551173597996,1950
HPUL1EPA_WQX-MC-01:20230703:0811:FM:PS:,7.0,162.09405044510385,127.0,7.12,65.86257217573221,195.8,3.1233735705209655,66.4,0.62,-0.14805894282773396,1951
HPUL1EPA_WQX-MC-02:20231018:1140:FM:PS:,6.84,162.09405044510385,151.0,7.12,65.86257217573221,232.7,3.1233735705209655,66.4,0.62,-0.14952441914759762,1952
nwisca.01.02202774,8.1,318.0,246.45972997594052,7.12,74.0,599.0,2.43,66.4,0.6,-0.15076148970890568,1953
nwisca.01.02203539,7.7,162.09405044510385,246.45972997594052,7.12,41.1,201.5,3.1233735705209655,66.4,0.6,-0.1567779015793847,1954
nwisca.01.02203534,7.7,162.09405044510385,246.45972997594052,7.12,57.0,213.0,3.1233735705209655,66.4,0.6,-0.15678151801247453,1955
nwisca.01.02203535,7.6,162.09405044510385,246.45972997594052,7.12,63.2,219.0,3.1233735705209655,66.4,0.6,-0.15769234498176227,1956
MORONGO1_WQX-WC1042722,7.51,162.09405044510385,291.75,7.12,65.86257217573221,448.8,3.1233735705209655,66.4,0.6,-0.15854208340751863,1957
nwisca.01.02200540,7.6,925.0,474.645,7.12,361.0,1470.0,4.24,66.4,0.6,-0.16099662319790653,1958
CA_BVR-KC1:20210421:1040:FM:PS:0.1:Hanna,7.21,162.09405044510385,312.0,7.12,65.86257217573221,623.0,3.1233735705209655,66.4,0.6,-0.1612777651377184,1959
MORONGO1_WQX-H000042021,8.04,162.09405044510385,235.46,7.12,65.86257217573221,362.3,3.1233735705209655,66.4,0.59,-0.1616404502751177,1960
MORONGO1_WQX-HE1041823,7.87,162.09405044510385,163.71,7.12,65.86257217573221,251.9,3.1233735705209655,66.4,0.58,-0.17136653853334927,1961
OVIWC-LP-SS-4-20220428-F,8.13,162.09405044510385,237.0,7.12,65.86257217573221,364.6,3.1233735705209655,66.4,0.55,-0.19539877464999061,1962
CA_BVR-MC1:20220126:1009:FM:PS:0.188:Hydro,8.26,162.09405044510385,0.1753,7.12,65.86257217573221,0.2739,3.1233735705209655,66.4,0.5,-0.19597686668501352,1963
MORONGO1_WQX-HW1121323,7.9,162.09405044510385,194.0,7.12,65.86257217573221,299.2,3.1233735705209655,66.4,0.55,-0.19748159209735805,1964
HPUL1EPA_WQX-MC-02:20230719:0812:FM:PS:,7.11,162.09405044510385,137.0,7.12,65.86257217573221,211.5,3.1233735705209655,66.4,0.54,-0.21408914941490148,1965
CA_BVR-SC1:20220126:0954:FM:PS:0.059:Hydro,7.52,162.09405044510385,0.3701,7.12,65.86257217573221,0.5783,3.1233735705209655,66.4,0.5,-0.22864215049170689,1966
HPUL1EPA_WQX-MC-02:20230626:1455:FM:PS:,7.61,162.09405044510385,134.0,7.12,65.86257217573221,206.4,3.1233735705209655,66.4,0.52,-0.22952075050905585,1967
HPUL1EPA_WQX-MC-03:20220323:1230:FM:PS:,9.9,162.09405044510385,132.0,7.12,65.86257217573221,202.6,3.1233735705209655,66.4,0.5,-0.23027826525605444,1968
nwisca.01.02103032,8.1,81.1,62.085,7.12,17.2,184.5,4.5,66.4,0.5,-0.24885910773124764,1969
HPUL1EPA_WQX-MC-03:20231108:1410:FM:PS:,6.62,162.09405044510385,161.0,7.12,65.86257217573221,247.7,3.1233735705209655,66.4,0.51,-0.24910857672626502,1970
nwisca.01.02203533,7.4,162.09405044510385,246.45972997594052,7.12,57.0,200.5,3.1233735705209655,66.4,0.5,-0.25300484022870084,1971
HPUL1EPA_WQX-MC-03:20230802:1423:FM:PS:,6.94,162.09405044510385,159.0,7.12,65.86257217573221,244.9,3.1233735705209655,66.4,0.5,-0.25719886282801757,1972
MORONGO1_WQX-WC1102720,7.64,162.09405044510385,253.0,7.12,65.86257217573221,389.2,3.1233735705209655,66.4,0.49,-0.262304639518583,1973
HPUL1EPA_WQX-MC-01:20230621:0756:FM:PS:,7.01,162.09405044510385,126.0,7.12,65.86257217573221,193.7,3.1233735705209655,66.4,0.49,-0.26799691115682356,1974
MORONGO1_WQX-HW1042722,7.98,162.09405044510385,204.0,7.12,65.86257217573221,313.8,3.1233735705209655,66.4,0.47,-0.28356492883022566,1975
MORONGO1_WQX-HE1042022,7.88,162.09405044510385,178.42,7.12,65.86257217573221,274.5,3.1233735705209655,66.4,0.47,-0.2844678618126848,1976
NARS_WQX-244080_2324,8.0,162.09405044510385,246.45972997594052,7.12,28.3,338.4017245542537,1.7,66.4,0.46,-0.28810382087030617,1977
MORONGO1_WQX-WC1122121,7.43,162.09405044510385,316.35,7.12,65.86257217573221,486.7,3.1233735705209655,66.4,0.47,-0.28858020864028605,1978
HPUL1EPA_WQX-MC-01:20230626:0841:FM:PS:,7.0,162.09405044510385,127.0,7.12,65.86257217573221,194.8,3.1233735705209655,66.4,0.46,-0.3054218428213076,1979
OVIWC-LP-SS-1-20220125-F,8.42,162.09405044510385,75.0,7.12,65.86257217573221,115.6,3.1233735705209655,66.4,0.45,-0.30601600694217307,1980
NARS_WQX-235900_2324,7.11,162.09405044510385,246.45972997594052,7.12,0.344,338.4017245542537,1.56,66.4,0.44,-0.3222861785807968,1981
CA_BVR-AC2:20220323:0923:FM:PS:0.148:Hydro,8.12,162.09405044510385,0.2295,7.12,65.86257217573221,0.3585,3.1233735705209655,66.4,0.4,-0.3491281668266222,1982
MORONGO1_WQX-H000080823,8.18,162.09405044510385,239.0,7.12,65.86257217573221,367.6,3.1233735705209655,66.4,0.42,-0.352801674163447,1983
CA_BVR-FC2:20220323:0848:FM:PS:0.271:Hydro,7.78,162.09405044510385,0.2945,7.12,65.86257217573221,0.4601,3.1233735705209655,66.4,0.4,-0.36053268429264346,1984
nwisca.01.02301192,8.2,162.09405044510385,246.45972997594052,7.12,23.0,613.5,3.1233735705209655,66.4,0.4,-0.386027429664203,1985
nwisca.01.02200940,7.8,162.09405044510385,246.45972997594052,7.12,9.78,214.5,3.1233735705209655,66.4,0.4,-0.3896228702236436,1986
nwisca.01.02203348,7.6,411.0,246.45972997594052,7.12,104.0,787.5,2.54,66.4,0.4,-0.3897028289233719,1987
nwisca.01.02200941,7.7,162.09405044510385,246.45972997594052,7.12,10.4,176.5,3.1233735705209655,66.4,0.4,-0.3905184139547001,1988
HPUL1EPA_WQX-MC-03:20230626:1510:FM:PS:,7.41,162.09405044510385,137.0,7.12,65.86257217573221,211.2,3.1233735705209655,66.4,0.4,-0.3931673415960212,1989
nwisca.01.02002260,7.3,162.09405044510385,246.45972997594052,7.12,54.6,66.0,3.1233735705209655,66.4,0.4,-0.3940267478460212,1990
NARS_WQX-241720_2324,7.42,162.09405044510385,246.45972997594052,7.12,26.9,338.4017245542537,1.22,66.4,0.39,-0.39569645409762966,1991
HPUL1EPA_WQX-MC-03:20230621:0826:FM:PS:,6.91,162.09405044510385,136.0,7.12,65.86257217573221,209.2,3.1233735705209655,66.4,0.4,-0.3977121851830627,1992
NARS_WQX-264240_2324,8.11,162.09405044510385,246.45972997594052,7.12,0.419,338.4017245542537,0.88,66.4,0.38,-0.3985967539703197,1993
NARS_WQX-260040_2324,7.23,162.09405044510385,246.45972997594052,7.12,1.05,338.4017245542537,1.79,66.4,0.39,-0.4054629245536321,1994
HPUL1EPA_WQX-MC-02:20230621:0814:FM:PS:,7.05,162.09405044510385,132.0,7.12,65.86257217573221,203.6,3.1233735705209655,66.4,0.38,-0.43334557810706414,1995
OVIWC-LP-SS-1-20220228-F,8.53,162.09405044510385,83.0,7.12,65.86257217573221,128.3,3.1233735705209655,66.4,0.37,-0.43980233901938826,1996
MORONGO1_WQX-MCN020122,8.74,162.09405044510385,270.43,7.12,65.86257217573221,416.1,3.1233735705209655,66.4,0.36,-0.45902456850757556,1997
NARS_WQX-252360_2324,8.04,162.09405044510385,246.45972997594052,7.12,246.0,338.4017245542537,2.6,66.4,0.35,-0.4856576404522587,1998
NARS_WQX-233800_2324,8.2,162.09405044510385,246.45972997594052,7.12,0.71,338.4017245542537,0.53,66.4,0.33,-0.4865074698681259,1999
HPUL1EPA_WQX-MC-01:20230719:0755:FM:PS:,6.92,162.09405044510385,128.0,7.12,65.86257217573221,196.3,3.1233735705209655,66.4,0.35,-0.4977956077245533,2000
NARS_WQX-252000_2324,7.81,162.09405044510385,246.45972997594052,7.12,0.283,338.4017245542537,0.89,66.4,0.33,-0.5135593903877165,2001
NARS_WQX-264280_2324,7.62,162.09405044510385,246.45972997594052,7.12,9.38,338.4017245542537,0.53,66.4,0.32,-0.5183426971408531,2002
HPUL1EPA_WQX-MC-04:20231122:0914:FM:PS:,7.14,162.09405044510385,174.0,7.12,65.86257217573221,267.1,3.1233735705209655,66.4,0.33,-0.5443852616644753,2003
HPUL1EPA_WQX-CD-01:20231122:0810:FM:PS:,6.74,162.09405044510385,181.0,7.12,65.86257217573221,278.7,3.1233735705209655,66.4,0.33,-0.5480237285192769,2004
MORONGO1_WQX-WC1012723,7.78,162.09405044510385,271.59,7.12,65.86257217573221,417.8,3.1233735705209655,66.4,0.32,-0.565147806551796,2005
CA_BVR-AC4:20210325:0948:FM:PS:0.05:Hydro,7.52,162.09405044510385,0.23,7.12,65.86257217573221,0.3596,3.1233735705209655,66.4,0.3,-0.5884478774344529,2006
MORONGO1_WQX-HW1101922,8.13,162.09405044510385,199.16,7.12,65.86257217573221,306.4,3.1233735705209655,66.4,0.31,-0.5902304527168893,2007
MORONGO1_WQX-HE1012723,7.82,162.09405044510385,192.6,7.12,65.86257217573221,296.3,3.1233735705209655,66.4,0.31,-0.5930471329905653,2008
CA_BVR-KC1:20220411:0935:FM:PS:0.196:Hydro,7.39,162.09405044510385,0.2749,7.12,65.86257217573221,0.4295,3.1233735705209655,66.4,0.3,-0.5957381533386661,2009
nwisca.01.02205996,7.7,242.0,127.17,7.12,40.8,526.0,1.2,66.4,0.3,-0.6087758554556977,2010
NARS_WQX-244640_2324,8.08,162.09405044510385,246.45972997594052,7.12,4.49,338.4017245542537,1.5,66.4,0.3,-0.6101782531728714,2011
nwisca.01.02205037,7.7,228.0,125.67,7.12,38.8,504.5,1.34,66.4,0.3,-0.611423698467913,2012
nwisca.01.02303541,8.6,162.09405044510385,246.45972997594052,7.12,67.9,953.0,3.1233735705209655,66.4,0.3,-0.6161489033835583,2013
nwisca.01.02303201,8.5,162.09405044510385,246.45972997594052,7.12,51.4,503.0,3.1233735705209655,66.4,0.3,-0.6170453239349423,2014
GLEC-NRSA2.2-10065-0,8.19,162.09405044510385,707.0,7.12,65.86257217573221,1088.0,3.1233735705209655,66.4,0.3,-0.6198779334242299,2015
nwisca.01.02105156,7.9,162.09405044510385,246.45972997594052,7.12,65.86257217573221,238.0,2.65,66.4,0.3,-0.6207084830976143,2016
MORONGO1_WQX-WC1021120,7.64,162.09405044510385,256.97,7.12,65.86257217573221,395.3,3.1233735705209655,66.4,0.29,-0.6570975743771189,2017
HPUL1EPA_WQX-MC-03:20231122:0759:FM:PS:,6.42,162.09405044510385,161.0,7.12,65.86257217573221,247.0,3.1233735705209655,66.4,0.29,-0.6681679834316696,2018
MORONGO1_WQX-WC1120820,7.42,162.09405044510385,277.61,7.12,65.86257217573221,427.1,3.1233735705209655,66.4,0.28,-0.6936444515423481,2019
MORONGO1_WQX-WC1121323,7.76,162.09405044510385,235.0,7.12,65.86257217573221,361.1,3.1233735705209655,66.4,0.27,-0.7276509410953239,2020
MORONGO1_WQX-BC1121323,8.28,162.09405044510385,294.0,7.12,65.86257217573221,451.6,3.1233735705209655,66.4,0.25,-0.8060422698687283,2021
MORONGO1_WQX-WC1071321,7.29,162.09405044510385,318.77,7.12,65.86257217573221,490.4,3.1233735705209655,66.4,0.24,-0.8617946345062615,2022
HPUL1EPA_WQX-MC-02:20231122:0750:FM:PS:,6.45,162.09405044510385,150.0,7.12,65.86257217573221,230.9,3.1233735705209655,66.4,0.21,-1.0363643524114428,2023
CA_BVR-CLOV01:20220421:0937:FM:PS:0.305:Hydro,7.68,162.09405044510385,0.1771,7.12,65.86257217573221,0.2768,3.1233735705209655,66.4,0.2,-1.0432658642411865,2024
CA_BVR-FC2:20210407:0320:FM:PS:0.07:Hanna,8.51,162.09405044510385,231.0,7.12,65.86257217573221,461.0,3.1233735705209655,66.4,0.2,-1.0844519701887543,2025
nwisca.01.02202674,8.0,455.0,246.45972997594052,7.12,119.0,838.5,2.29,66.4,0.2,-1.086023991869408,2026
nwisca.01.02304060,7.5,162.09405044510385,246.45972997594052,7.12,9.28,235.0,3.1233735705209655,66.4,0.2,-1.093605631985286,2027
NARS_WQX-253160_2324,7.94,162.09405044510385,246.45972997594052,7.12,0.372,338.4017245542537,0.28,66.4,0.18,-1.1453176471122655,2028
MORONGO1_WQX-WC1041823,7.94,162.09405044510385,188.62,7.12,65.86257217573221,290.2,3.1233735705209655,66.4,0.19,-1.1634323461975953,2029
NARS_WQX-264260_2324,7.77,162.09405044510385,246.45972997594052,7.12,7.65,338.4017245542537,0.72,66.4,0.18,-1.2140853238799423,2030
MORONGO1_WQX-HW1102221,8.09,162.09405044510385,197.35,7.12,65.86257217573221,303.6,3.1233735705209655,66.4,0.17,-1.3357549731424638,2031
MORONGO1_WQX-WC1042021,7.56,162.09405044510385,258.81,7.12,65.86257217573221,398.2,3.1233735705209655,66.4,0.17,-1.3405837164547605,2032
NARS_WQX-264200_2324,8.36,162.09405044510385,246.45972997594052,7.12,14.4,338.4017245542537,0.52,66.4,0.15,-1.5039353627299812,2033
NARS_WQX-246960_2324,7.46,162.09405044510385,246.45972997594052,7.12,0.465,338.4017245542537,1.0,66.4,0.12,-2.0080479501425685,2034
CA_BVR-KC1:20220426:1135:FM:PS:0.177:Hydro,7.89,162.09405044510385,0.1836,7.12,65.86257217573221,0.2868,3.1233735705209655,66.4,0.1,-2.4455569420263177,2035
CA_BVR-KC1:20220421:1135:FM:PS:0.177:Hydro,7.89,162.09405044510385,0.1836,7.12,65.86257217573221,0.2868,3.1233735705209655,66.4,0.1,-2.4455569420263177,2035
CA_BVR-KC1:20220520:1035:FM:PS:0.117:Hydro,7.19,162.09405044510385,0.3062,7.12,65.86257217573221,0.4785,3.1233735705209655,66.4,0.1,-2.470774351294297,2037
nwisca.01.02103037,7.9,671.0,341.965,7.12,172.0,1150.0,2.0,66.4,0.1,-2.48757827838139,2038
MORONGO1_WQX-WC1020221,7.68,162.09405044510385,288.29,7.12,65.86257217573221,443.5,3.1233735705209655,66.4,0.1,-2.4944962694715205,2039
nwisca.01.02202679,7.6,162.09405044510385,246.45972997594052,7.12,11.6,182.0,3.1233735705209655,66.4,0.1,-2.495179815778089,2040
NARS_WQX-244060_2324,7.97,162.09405044510385,246.45972997594052,7.12,14.1,338.4017245542537,1.06,66.4,0.09,-2.7843216493992866,2041
MORONGO1_WQX-WC1080823,7.83,162.09405044510385,229.0,7.12,65.86257217573221,352.3,3.1233735705209655,66.4,0.09,-2.8047914215960104,2042
MORONGO1_WQX-WC1072920,7.59,162.09405044510385,290.74,7.12,65.86257217573221,447.3,3.1233735705209655,66.4,0.08,-3.1965647098300463,2043
NARS_WQX-253740_2324,7.74,162.09405044510385,246.45972997594052,7.12,0.103,338.4017245542537,0.52,66.4,0.05,-5.249571726366344,2044
MORONGO1_WQX-WC1042022,7.48,162.09405044510385,314.5,7.12,65.86257217573221,483.9,3.1233735705209655,66.4,0.04,-6.703816992083184,2045
NARS_WQX-252060_2324,7.76,162.09405044510385,246.45972997594052,7.12,0.074,338.4017245542537,0.41,66.4,0.02,-13.648498726195783,2046
MORONGO1_WQX-WC1020122,7.65,162.09405044510385,309.68,7.12,65.86257217573221,476.4,3.1233735705209655,66.4,0.02,-13.714771098429944,2047
NARS_WQX-239780_2324,8.05,162.09405044510385,246.45972997594052,7.12,9.16,338.4017245542537,0.82,66.4,0.01,-27.708423338169172,2048
NARS_WQX-245420_2324,8.23,162.09405044510385,246.45972997594052,7.12,488.0,338.4017245542537,3.12,66.4,0.01,-27.73447615527077,2049
